Draft_Year,Projected_Pick,Player,Position,College,Name_Key,Match_Key,Source_URL,Last_Updated,Status
2027,1,Jeremiah Smith,,,jeremiahsmith,jeremiahsmith,https://www.nflmockdraftdatabase.com/big-boards/2027/consensus-big-board-2027,2026-10-04T03:06:43+00:00,MDDB consensus top 100
2027,2,Arch Manning,,,archmanning,archmanning,https://www.nflmockdraftdatabase.com/big-boards/2027/consensus-big-board-2027,2026-10-04T03:06:43+00:00,MDDB consensus top 100
2027,3,Colin Simmons,,,colinsimmons,colinsimmons,https://www.nflmockdraftdatabase.com/big-boards/2027/consensus-big-board-2027,2026-10-04T03:06:43+00:00,MDDB consensus top 100
2027,4,Leonard Moore,,,leonardmoore,leonardmoore,https://www.nflmockdraftdatabase.com/big-boards/2027/consensus-big-board-2027,2026-10-04T03:06:43+00:00,MDDB consensus top 100
2027,5,Dante Moore,,,dantemoore,dantemoore,https://www.nflmockdraftdatabase.com/big-boards/2027/consensus-big-board-2027,2026-10-04T03:06:43+00:00,MDDB consensus top 100
2027,6,Dylan Stewart,,,dylanstewart,dylanstewart,https://www.nflmockdraftdatabase.com/big-boards/2027/consensus-big-board-2027,2026-10-04T03:06:43+00:00,MDDB consensus top 100
2027,7,Darian Mensah,,,darianmensah,darianmensah,https://www.nflmockdraftdatabase.com/big-boards/2027/consensus-big-board-2027,2026-10-04T03:06:43+00:00,MDDB consensus top 100
2027,8,Cam Coleman,,,camcoleman,camcoleman,https://www.nflmockdraftdatabase.com/big-boards/2027/consensus-big-board-2027,2026-10-04T03:06:43+00:00,MDDB consensus top 100
2027,9,Trinidad Chambliss,,,trinidadchambliss,trinidadchambliss,https://www.nflmockdraftdatabase.com/big-boards/2027/consensus-big-board-2027,2026-10-04T03:06:43+00:00,MDDB consensus top 100
2027,10,Trevor Goosby,,,trevorgoosby,trevorgoosby,https://www.nflmockdraftdatabase.com/big-boards/2027/consensus-big-board-2027,2026-10-04T03:06:43+00:00,MDDB consensus top 100
2027,11,Charlie Becker,,,charliebecker,charliebecker,https://www.nflmockdraftdatabase.com/big-boards/2027/consensus-big-board-2027,2026-10-04T03:06:43+00:00,MDDB consensus top 100
2027,12,Jordan Seaton,,,jordanseaton,jordanseaton,https://www.nflmockdraftdatabase.com/big-boards/2027/consensus-big-board-2027,2026-10-04T03:06:43+00:00,MDDB consensus top 100
2027,13,Will Echoles,,,willecholes,willecholes,https://www.nflmockdraftdatabase.com/big-boards/2027/consensus-big-board-2027,2026-10-04T03:06:43+00:00,MDDB consensus top 100
2027,14,Ellis Robinson IV,,,ellisrobinsoniv,ellisrobinsoniv,https://www.nflmockdraftdatabase.com/big-boards/2027/consensus-big-board-2027,2026-10-04T03:06:43+00:00,MDDB consensus top 100
2027,15,CJ Carr,,,cjcarr,cjcarr,https://www.nflmockdraftdatabase.com/big-boards/2027/consensus-big-board-2027,2026-10-04T03:06:43+00:00,MDDB consensus top 100
2027,16,David Stone,,,davidstone,davidstone,https://www.nflmockdraftdatabase.com/big-boards/2027/consensus-big-board-2027,2026-10-04T03:06:43+00:00,MDDB consensus top 100
2027,17,Drew Mestemaker,,,drewmestemaker,drewmestemaker,https://www.nflmockdraftdatabase.com/big-boards/2027/consensus-big-board-2027,2026-10-04T03:06:43+00:00,MDDB consensus top 100
2027,18,Ashton Hampton,,,ashtonhampton,ashtonhampton,https://www.nflmockdraftdatabase.com/big-boards/2027/consensus-big-board-2027,2026-10-04T03:06:43+00:00,MDDB consensus top 100
2027,19,Jamari Johnson,,,jamarijohnson,jamarijohnson,https://www.nflmockdraftdatabase.com/big-boards/2027/consensus-big-board-2027,2026-10-04T03:06:43+00:00,MDDB consensus top 100
2027,20,Trey'Dez Green,,,treydezgreen,treydezgreen,https://www.nflmockdraftdatabase.com/big-boards/2027/consensus-big-board-2027,2026-10-04T03:06:43+00:00,MDDB consensus top 100
2027,21,Jadan Baugh,,,jadanbaugh,jadanbaugh,https://www.nflmockdraftdatabase.com/big-boards/2027/consensus-big-board-2027,2026-10-04T03:06:43+00:00,MDDB consensus top 100
2027,22,Yhonzae Pierre,,,yhonzaepierre,yhonzaepierre,https://www.nflmockdraftdatabase.com/big-boards/2027/consensus-big-board-2027,2026-10-04T03:06:43+00:00,MDDB consensus top 100
2027,23,KJ Bolden,,,kjbolden,kjbolden,https://www.nflmockdraftdatabase.com/big-boards/2027/consensus-big-board-2027,2026-10-04T03:06:43+00:00,MDDB consensus top 100
2027,24,A'Mauri Washington,,,amauriwashington,amauriwashington,https://www.nflmockdraftdatabase.com/big-boards/2027/consensus-big-board-2027,2026-10-04T03:06:43+00:00,MDDB consensus top 100
2027,25,Kelley Jones,,,kelleyjones,kelleyjones,https://www.nflmockdraftdatabase.com/big-boards/2027/consensus-big-board-2027,2026-10-04T03:06:43+00:00,MDDB consensus top 100
2027,26,Brauntae Johnson,,,brauntaejohnson,brauntaejohnson,https://www.nflmockdraftdatabase.com/big-boards/2027/consensus-big-board-2027,2026-10-04T03:06:43+00:00,MDDB consensus top 100
2027,27,Greg Johnson,,,gregjohnson,gregjohnson,https://www.nflmockdraftdatabase.com/big-boards/2027/consensus-big-board-2027,2026-10-04T03:06:43+00:00,MDDB consensus top 100
2027,28,Kade Pieper,,,kadepieper,kadepieper,https://www.nflmockdraftdatabase.com/big-boards/2027/consensus-big-board-2027,2026-10-04T03:06:43+00:00,MDDB consensus top 100
2027,29,Trevor Lauck,,,trevorlauck,trevorlauck,https://www.nflmockdraftdatabase.com/big-boards/2027/consensus-big-board-2027,2026-10-04T03:06:43+00:00,MDDB consensus top 100
2027,30,Sammy Brown,,,sammybrown,sammybrown,https://www.nflmockdraftdatabase.com/big-boards/2027/consensus-big-board-2027,2026-10-04T03:06:43+00:00,MDDB consensus top 100
2027,31,Justin Scott,,,justinscott,justinscott,https://www.nflmockdraftdatabase.com/big-boards/2027/consensus-big-board-2027,2026-10-04T03:06:43+00:00,MDDB consensus top 100
2027,32,Nick Marsh,,,nickmarsh,nickmarsh,https://www.nflmockdraftdatabase.com/big-boards/2027/consensus-big-board-2027,2026-10-04T03:06:43+00:00,MDDB consensus top 100
2027,33,Ryan Coleman-Williams,,,ryancolemanwilliams,ryancolemanwilliams,https://www.nflmockdraftdatabase.com/big-boards/2027/consensus-big-board-2027,2026-10-04T03:06:43+00:00,MDDB consensus top 100
2027,34,Zabien Brown,,,zabienbrown,zabienbrown,https://www.nflmockdraftdatabase.com/big-boards/2027/consensus-big-board-2027,2026-10-04T03:06:43+00:00,MDDB consensus top 100
2027,35,KJ Duff,,,kjduff,kjduff,https://www.nflmockdraftdatabase.com/big-boards/2027/consensus-big-board-2027,2026-10-04T03:06:43+00:00,MDDB consensus top 100
2027,36,Carter Smith,,,cartersmith,cartersmith,https://www.nflmockdraftdatabase.com/big-boards/2027/consensus-big-board-2027,2026-10-04T03:06:43+00:00,MDDB consensus top 100
2027,37,Chris Cole,,,chriscole,chriscole,https://www.nflmockdraftdatabase.com/big-boards/2027/consensus-big-board-2027,2026-10-04T03:06:43+00:00,MDDB consensus top 100
2027,38,LaNorris Sellers,,,lanorrissellers,lanorrissellers,https://www.nflmockdraftdatabase.com/big-boards/2027/consensus-big-board-2027,2026-10-04T03:06:43+00:00,MDDB consensus top 100
2027,39,Ahmad Moten Sr.,,,ahmadmotensr,ahmadmotensr,https://www.nflmockdraftdatabase.com/big-boards/2027/consensus-big-board-2027,2026-10-04T03:06:43+00:00,MDDB consensus top 100
2027,40,Kewan Lacy,,,kewanlacy,kewanlacy,https://www.nflmockdraftdatabase.com/big-boards/2027/consensus-big-board-2027,2026-10-04T03:06:43+00:00,MDDB consensus top 100
2027,41,Melvin Siani,,,melvinsiani,melvinsiani,https://www.nflmockdraftdatabase.com/big-boards/2027/consensus-big-board-2027,2026-10-04T03:06:43+00:00,MDDB consensus top 100
2027,42,Kyngstonn Viliamu-Asa,,,kyngstonnviliamuasa,kyngstonnviliamuasa,https://www.nflmockdraftdatabase.com/big-boards/2027/consensus-big-board-2027,2026-10-04T03:06:43+00:00,MDDB consensus top 100
2027,43,Reed Harris,,,reedharris,reedharris,https://www.nflmockdraftdatabase.com/big-boards/2027/consensus-big-board-2027,2026-10-04T03:06:43+00:00,MDDB consensus top 100
2027,44,OJ Frederique Jr.,,,ojfrederiquejr,ojfrederiquejr,https://www.nflmockdraftdatabase.com/big-boards/2027/consensus-big-board-2027,2026-10-04T03:06:43+00:00,MDDB consensus top 100
2027,45,Julian Sayin,,,juliansayin,juliansayin,https://www.nflmockdraftdatabase.com/big-boards/2027/consensus-big-board-2027,2026-10-04T03:06:43+00:00,MDDB consensus top 100
2027,46,Will Heldt,,,willheldt,willheldt,https://www.nflmockdraftdatabase.com/big-boards/2027/consensus-big-board-2027,2026-10-04T03:06:43+00:00,MDDB consensus top 100
2027,47,Cayden Green,,,caydengreen,caydengreen,https://www.nflmockdraftdatabase.com/big-boards/2027/consensus-big-board-2027,2026-10-04T03:06:43+00:00,MDDB consensus top 100
2027,48,Clev Lubin,,,clevlubin,clevlubin,https://www.nflmockdraftdatabase.com/big-boards/2027/consensus-big-board-2027,2026-10-04T03:06:43+00:00,MDDB consensus top 100
2027,49,Jayden Maiava,,,jaydenmaiava,jaydenmaiava,https://www.nflmockdraftdatabase.com/big-boards/2027/consensus-big-board-2027,2026-10-04T03:06:43+00:00,MDDB consensus top 100
2027,50,Matayo Uiagalelei,,,matayouiagalelei,matayouiagalelei,https://www.nflmockdraftdatabase.com/big-boards/2027/consensus-big-board-2027,2026-10-04T03:06:43+00:00,MDDB consensus top 100
2027,51,Kenyatta Jackson,,,kenyattajackson,kenyattajackson,https://www.nflmockdraftdatabase.com/big-boards/2027/consensus-big-board-2027,2026-10-04T03:06:43+00:00,MDDB consensus top 100
2027,52,Quincy Rhodes Jr.,,,quincyrhodesjr,quincyrhodesjr,https://www.nflmockdraftdatabase.com/big-boards/2027/consensus-big-board-2027,2026-10-04T03:06:43+00:00,MDDB consensus top 100
2027,53,Kingston Lopa,,,kingstonlopa,kingstonlopa,https://www.nflmockdraftdatabase.com/big-boards/2027/consensus-big-board-2027,2026-10-04T03:06:43+00:00,MDDB consensus top 100
2027,54,Zach Lutmer,,,zachlutmer,zachlutmer,https://www.nflmockdraftdatabase.com/big-boards/2027/consensus-big-board-2027,2026-10-04T03:06:43+00:00,MDDB consensus top 100
2027,55,Samson Okunlola,,,samsonokunlola,samsonokunlola,https://www.nflmockdraftdatabase.com/big-boards/2027/consensus-big-board-2027,2026-10-04T03:06:43+00:00,MDDB consensus top 100
2027,56,Deuce Alexander,,,deucealexander,deucealexander,https://www.nflmockdraftdatabase.com/big-boards/2027/consensus-big-board-2027,2026-10-04T03:06:43+00:00,MDDB consensus top 100
2027,57,Omarion Miller,,,omarionmiller,omarionmiller,https://www.nflmockdraftdatabase.com/big-boards/2027/consensus-big-board-2027,2026-10-04T03:06:43+00:00,MDDB consensus top 100
2027,58,Devan Thompkins,,,devanthompkins,devanthompkins,https://www.nflmockdraftdatabase.com/big-boards/2027/consensus-big-board-2027,2026-10-04T03:06:43+00:00,MDDB consensus top 100
2027,59,Jordan Ross,,,jordanross,jordanross,https://www.nflmockdraftdatabase.com/big-boards/2027/consensus-big-board-2027,2026-10-04T03:06:43+00:00,MDDB consensus top 100
2027,60,Tavion Gadson,,,taviongadson,taviongadson,https://www.nflmockdraftdatabase.com/big-boards/2027/consensus-big-board-2027,2026-10-04T03:06:43+00:00,MDDB consensus top 100
2027,61,Mario Craver,,,mariocraver,mariocraver,https://www.nflmockdraftdatabase.com/big-boards/2027/consensus-big-board-2027,2026-10-04T03:06:43+00:00,MDDB consensus top 100
2027,62,Bear Alexander,,,bearalexander,bearalexander,https://www.nflmockdraftdatabase.com/big-boards/2027/consensus-big-board-2027,2026-10-04T03:06:43+00:00,MDDB consensus top 100
2027,63,Ahmad Hardy,,,ahmadhardy,ahmadhardy,https://www.nflmockdraftdatabase.com/big-boards/2027/consensus-big-board-2027,2026-10-04T03:06:43+00:00,MDDB consensus top 100
2027,64,Jacarrius Peak,,,jacarriuspeak,jacarriuspeak,https://www.nflmockdraftdatabase.com/big-boards/2027/consensus-big-board-2027,2026-10-04T03:06:43+00:00,MDDB consensus top 100
2027,65,Koi Perich,,,koiperich,koiperich,https://www.nflmockdraftdatabase.com/big-boards/2027/consensus-big-board-2027,2026-10-04T03:06:43+00:00,MDDB consensus top 100
2027,66,Lance Heard,,,lanceheard,lanceheard,https://www.nflmockdraftdatabase.com/big-boards/2027/consensus-big-board-2027,2026-10-04T03:06:43+00:00,MDDB consensus top 100
2027,67,Drake Lindsey,,,drakelindsey,drakelindsey,https://www.nflmockdraftdatabase.com/big-boards/2027/consensus-big-board-2027,2026-10-04T03:06:43+00:00,MDDB consensus top 100
2027,68,Damon Wilson Jr.,,,damonwilsonjr,damonwilsonjr,https://www.nflmockdraftdatabase.com/big-boards/2027/consensus-big-board-2027,2026-10-04T03:06:43+00:00,MDDB consensus top 100
2027,69,Anthonie Knapp,,,anthonieknapp,anthonieknapp,https://www.nflmockdraftdatabase.com/big-boards/2027/consensus-big-board-2027,2026-10-04T03:06:43+00:00,MDDB consensus top 100
2027,70,Vicari Swain,,,vicariswain,vicariswain,https://www.nflmockdraftdatabase.com/big-boards/2027/consensus-big-board-2027,2026-10-04T03:06:43+00:00,MDDB consensus top 100
2027,71,Boubacar Traore,,,boubacartraore,boubacartraore,https://www.nflmockdraftdatabase.com/big-boards/2027/consensus-big-board-2027,2026-10-04T03:06:43+00:00,MDDB consensus top 100
2027,72,Princewill Umanmielen,,,princewillumanmielen,princewillumanmielen,https://www.nflmockdraftdatabase.com/big-boards/2027/consensus-big-board-2027,2026-10-04T03:06:43+00:00,MDDB consensus top 100
2027,73,A.J. Holmes Jr,,,ajholmesjr,ajholmesjr,https://www.nflmockdraftdatabase.com/big-boards/2027/consensus-big-board-2027,2026-10-04T03:06:43+00:00,MDDB consensus top 100
2027,74,John Henry Daley,,,johnhenrydaley,johnhenrydaley,https://www.nflmockdraftdatabase.com/big-boards/2027/consensus-big-board-2027,2026-10-04T03:06:43+00:00,MDDB consensus top 100
2027,75,Brice Pollock,,,bricepollock,bricepollock,https://www.nflmockdraftdatabase.com/big-boards/2027/consensus-big-board-2027,2026-10-04T03:06:43+00:00,MDDB consensus top 100
2027,76,Luke Reynolds,,,lukereynolds,lukereynolds,https://www.nflmockdraftdatabase.com/big-boards/2027/consensus-big-board-2027,2026-10-04T03:06:43+00:00,MDDB consensus top 100
2027,77,Jackson Bennee,,,jacksonbennee,jacksonbennee,https://www.nflmockdraftdatabase.com/big-boards/2027/consensus-big-board-2027,2026-10-04T03:06:43+00:00,MDDB consensus top 100
2027,78,Austin Simmons,,,austinsimmons,austinsimmons,https://www.nflmockdraftdatabase.com/big-boards/2027/consensus-big-board-2027,2026-10-04T03:06:43+00:00,MDDB consensus top 100
2027,79,Ryan Wingo,,,ryanwingo,ryanwingo,https://www.nflmockdraftdatabase.com/big-boards/2027/consensus-big-board-2027,2026-10-04T03:06:43+00:00,MDDB consensus top 100
2027,80,Jaylen McClain,,,jaylenmcclain,jaylenmcclain,https://www.nflmockdraftdatabase.com/big-boards/2027/consensus-big-board-2027,2026-10-04T03:06:43+00:00,MDDB consensus top 100
2027,81,Tony Rojas,,,tonyrojas,tonyrojas,https://www.nflmockdraftdatabase.com/big-boards/2027/consensus-big-board-2027,2026-10-04T03:06:43+00:00,MDDB consensus top 100
2027,82,Duce Robinson,,,ducerobinson,ducerobinson,https://www.nflmockdraftdatabase.com/big-boards/2027/consensus-big-board-2027,2026-10-04T03:06:43+00:00,MDDB consensus top 100
2027,83,Evan Tengesdahl,,,evantengesdahl,evantengesdahl,https://www.nflmockdraftdatabase.com/big-boards/2027/consensus-big-board-2027,2026-10-04T03:06:43+00:00,MDDB consensus top 100
2027,84,Whit Weeks,,,whitweeks,whitweeks,https://www.nflmockdraftdatabase.com/big-boards/2027/consensus-big-board-2027,2026-10-04T03:06:43+00:00,MDDB consensus top 100
2027,85,Dom Nichols,,,domnichols,domnichols,https://www.nflmockdraftdatabase.com/big-boards/2027/consensus-big-board-2027,2026-10-04T03:06:43+00:00,MDDB consensus top 100
2027,86,Ty Benefield,,,tybenefield,tybenefield,https://www.nflmockdraftdatabase.com/big-boards/2027/consensus-big-board-2027,2026-10-04T03:06:43+00:00,MDDB consensus top 100
2027,87,Sam Leavitt,,,samleavitt,samleavitt,https://www.nflmockdraftdatabase.com/big-boards/2027/consensus-big-board-2027,2026-10-04T03:06:43+00:00,MDDB consensus top 100
2027,88,DJ Vonnahme,,,djvonnahme,djvonnahme,https://www.nflmockdraftdatabase.com/big-boards/2027/consensus-big-board-2027,2026-10-04T03:06:43+00:00,MDDB consensus top 100
2027,89,Austin Siereveld,,,austinsiereveld,austinsiereveld,https://www.nflmockdraftdatabase.com/big-boards/2027/consensus-big-board-2027,2026-10-04T03:06:43+00:00,MDDB consensus top 100
2027,90,Jelani McDonald,,,jelanimcdonald,jelanimcdonald,https://www.nflmockdraftdatabase.com/big-boards/2027/consensus-big-board-2027,2026-10-04T03:06:43+00:00,MDDB consensus top 100
2027,91,Bray Hubbard,,,brayhubbard,brayhubbard,https://www.nflmockdraftdatabase.com/big-boards/2027/consensus-big-board-2027,2026-10-04T03:06:43+00:00,MDDB consensus top 100
2027,92,Bryant Wesco,,,bryantwesco,bryantwesco,https://www.nflmockdraftdatabase.com/big-boards/2027/consensus-big-board-2027,2026-10-04T03:06:43+00:00,MDDB consensus top 100
2027,93,Anthony Boswell,,,anthonyboswell,anthonyboswell,https://www.nflmockdraftdatabase.com/big-boards/2027/consensus-big-board-2027,2026-10-04T03:06:43+00:00,MDDB consensus top 100
2027,94,Nate Frazier,,,natefrazier,natefrazier,https://www.nflmockdraftdatabase.com/big-boards/2027/consensus-big-board-2027,2026-10-04T03:06:43+00:00,MDDB consensus top 100
2027,95,Iapani Laloulu,,,iapanilaloulu,iapanilaloulu,https://www.nflmockdraftdatabase.com/big-boards/2027/consensus-big-board-2027,2026-10-04T03:06:43+00:00,MDDB consensus top 100
2027,96,Wyatt Young,,,wyattyoung,wyattyoung,https://www.nflmockdraftdatabase.com/big-boards/2027/consensus-big-board-2027,2026-10-04T03:06:43+00:00,MDDB consensus top 100
2027,97,Teitum Tuioti,,,teitumtuioti,teitumtuioti,https://www.nflmockdraftdatabase.com/big-boards/2027/consensus-big-board-2027,2026-10-04T03:06:43+00:00,MDDB consensus top 100
2027,98,Rasheem Biles,,,rasheembiles,rasheembiles,https://www.nflmockdraftdatabase.com/big-boards/2027/consensus-big-board-2027,2026-10-04T03:06:43+00:00,MDDB consensus top 100
2027,99,PJ Williams,,,pjwilliams,pjwilliams,https://www.nflmockdraftdatabase.com/big-boards/2027/consensus-big-board-2027,2026-10-04T03:06:43+00:00,MDDB consensus top 100
2027,100,Chris Peal,,,chrispeal,chrispeal,https://www.nflmockdraftdatabase.com/big-boards/2027/consensus-big-board-2027,2026-10-04T03:06:43+00:00,MDDB consensus top 100
2027,101,Jeremiah Smith WR · Ohio State,,,jeremiahsmithwrohiostate,jeremiahsmithwrohiostate,https://scoutinggrade.com/2027-nfl-draft-big-board,2026-10-04T03:06:43+00:00,ScoutingGrade supplemental after MDDB top 100
2027,102,Colin Simmons EDGE · Texas,,,colinsimmonsedgetexas,colinsimmonsedgetexas,https://scoutinggrade.com/2027-nfl-draft-big-board,2026-10-04T03:06:43+00:00,ScoutingGrade supplemental after MDDB top 100
2027,103,Leonard Moore CB · Notre Dame,,,leonardmoorecbnotredame,leonardmoorecbnotredame,https://scoutinggrade.com/2027-nfl-draft-big-board,2026-10-04T03:06:43+00:00,ScoutingGrade supplemental after MDDB top 100
2027,104,Dylan Stewart EDGE · South Carolina,,,dylanstewartedgesouthcarolina,dylanstewartedgesouthcarolina,https://scoutinggrade.com/2027-nfl-draft-big-board,2026-10-04T03:06:43+00:00,ScoutingGrade supplemental after MDDB top 100
2027,105,Dante Moore QB · Oregon,,,dantemooreqboregon,dantemooreqboregon,https://scoutinggrade.com/2027-nfl-draft-big-board,2026-10-04T03:06:43+00:00,ScoutingGrade supplemental after MDDB top 100
2027,106,Arch Manning QB · Texas,,,archmanningqbtexas,archmanningqbtexas,https://scoutinggrade.com/2027-nfl-draft-big-board,2026-10-04T03:06:43+00:00,ScoutingGrade supplemental after MDDB top 100
2027,107,Cam Coleman WR · Texas,,,camcolemanwrtexas,camcolemanwrtexas,https://scoutinggrade.com/2027-nfl-draft-big-board,2026-10-04T03:06:43+00:00,ScoutingGrade supplemental after MDDB top 100
2027,108,Charlie Becker WR · Indiana,,,charliebeckerwrindiana,charliebeckerwrindiana,https://scoutinggrade.com/2027-nfl-draft-big-board,2026-10-04T03:06:43+00:00,ScoutingGrade supplemental after MDDB top 100
2027,109,Trevor Goosby OT · Texas,,,trevorgoosbyottexas,trevorgoosbyottexas,https://scoutinggrade.com/2027-nfl-draft-big-board,2026-10-04T03:06:43+00:00,ScoutingGrade supplemental after MDDB top 100
2027,110,Jordan Seaton OT · LSU,,,jordanseatonotlsu,jordanseatonotlsu,https://scoutinggrade.com/2027-nfl-draft-big-board,2026-10-04T03:06:43+00:00,ScoutingGrade supplemental after MDDB top 100
2027,111,David Stone DT · Oklahoma,,,davidstonedtoklahoma,davidstonedtoklahoma,https://scoutinggrade.com/2027-nfl-draft-big-board,2026-10-04T03:06:43+00:00,ScoutingGrade supplemental after MDDB top 100
2027,112,Will Echoles DT · Ole Miss,,,willecholesdtolemiss,willecholesdtolemiss,https://scoutinggrade.com/2027-nfl-draft-big-board,2026-10-04T03:06:43+00:00,ScoutingGrade supplemental after MDDB top 100
2027,113,Ellis Robinson IV CB · Georgia,,,ellisrobinsonivcbgeorgia,ellisrobinsonivcbgeorgia,https://scoutinggrade.com/2027-nfl-draft-big-board,2026-10-04T03:06:43+00:00,ScoutingGrade supplemental after MDDB top 100
2027,114,Jadan Baugh RB · Florida,,,jadanbaughrbflorida,jadanbaughrbflorida,https://scoutinggrade.com/2027-nfl-draft-big-board,2026-10-04T03:06:43+00:00,ScoutingGrade supplemental after MDDB top 100
2027,115,A'Mauri Washington DT · Oregon,,,amauriwashingtondtoregon,amauriwashingtondtoregon,https://scoutinggrade.com/2027-nfl-draft-big-board,2026-10-04T03:06:43+00:00,ScoutingGrade supplemental after MDDB top 100
2027,116,KJ Bolden S · Georgia,,,kjboldensgeorgia,kjboldensgeorgia,https://scoutinggrade.com/2027-nfl-draft-big-board,2026-10-04T03:06:43+00:00,ScoutingGrade supplemental after MDDB top 100
2027,117,Jamari Johnson TE · Oregon,,,jamarijohnsonteoregon,jamarijohnsonteoregon,https://scoutinggrade.com/2027-nfl-draft-big-board,2026-10-04T03:06:43+00:00,ScoutingGrade supplemental after MDDB top 100
2027,118,Brauntae Johnson S · Notre Dame,,,brauntaejohnsonsnotredame,brauntaejohnsonsnotredame,https://scoutinggrade.com/2027-nfl-draft-big-board,2026-10-04T03:06:43+00:00,ScoutingGrade supplemental after MDDB top 100
2027,119,Yhonzae Pierre EDGE · Alabama,,,yhonzaepierreedgealabama,yhonzaepierreedgealabama,https://scoutinggrade.com/2027-nfl-draft-big-board,2026-10-04T03:06:43+00:00,ScoutingGrade supplemental after MDDB top 100
2027,120,Trinidad Chambliss QB · Ole Miss,,,trinidadchamblissqbolemiss,trinidadchamblissqbolemiss,https://scoutinggrade.com/2027-nfl-draft-big-board,2026-10-04T03:06:43+00:00,ScoutingGrade supplemental after MDDB top 100
2027,121,Greg Johnson IOL · Minnesota,,,gregjohnsoniolminnesota,gregjohnsoniolminnesota,https://scoutinggrade.com/2027-nfl-draft-big-board,2026-10-04T03:06:43+00:00,ScoutingGrade supplemental after MDDB top 100
2027,122,Justin Scott DT · Miami,,,justinscottdtmiami,justinscottdtmiami,https://scoutinggrade.com/2027-nfl-draft-big-board,2026-10-04T03:06:43+00:00,ScoutingGrade supplemental after MDDB top 100
2027,123,Kelley Jones CB · Mississippi State,,,kelleyjonescbmississippistate,kelleyjonescbmississippistate,https://scoutinggrade.com/2027-nfl-draft-big-board,2026-10-04T03:06:43+00:00,ScoutingGrade supplemental after MDDB top 100
2027,124,Ashton Hampton CB · Clemson,,,ashtonhamptoncbclemson,ashtonhamptoncbclemson,https://scoutinggrade.com/2027-nfl-draft-big-board,2026-10-04T03:06:43+00:00,ScoutingGrade supplemental after MDDB top 100
2027,125,Kewan Lacy RB · Ole Miss,,,kewanlacyrbolemiss,kewanlacyrbolemiss,https://scoutinggrade.com/2027-nfl-draft-big-board,2026-10-04T03:06:43+00:00,ScoutingGrade supplemental after MDDB top 100
2027,126,Kade Pieper IOL · Iowa,,,kadepieperioliowa,kadepieperioliowa,https://scoutinggrade.com/2027-nfl-draft-big-board,2026-10-04T03:06:43+00:00,ScoutingGrade supplemental after MDDB top 100
2027,127,Trevor Lauck OT · Iowa,,,trevorlauckotiowa,trevorlauckotiowa,https://scoutinggrade.com/2027-nfl-draft-big-board,2026-10-04T03:06:43+00:00,ScoutingGrade supplemental after MDDB top 100
2027,128,Darian Mensah QB · Miami,,,darianmensahqbmiami,darianmensahqbmiami,https://scoutinggrade.com/2027-nfl-draft-big-board,2026-10-04T03:06:43+00:00,ScoutingGrade supplemental after MDDB top 100
2027,129,Trey'Dez Green TE · LSU,,,treydezgreentelsu,treydezgreentelsu,https://scoutinggrade.com/2027-nfl-draft-big-board,2026-10-04T03:06:43+00:00,ScoutingGrade supplemental after MDDB top 100
2027,130,Drew Mestemaker QB · Oklahoma State,,,drewmestemakerqboklahomastate,drewmestemakerqboklahomastate,https://scoutinggrade.com/2027-nfl-draft-big-board,2026-10-04T03:06:43+00:00,ScoutingGrade supplemental after MDDB top 100
2027,131,CJ Carr QB · Notre Dame,,,cjcarrqbnotredame,cjcarrqbnotredame,https://scoutinggrade.com/2027-nfl-draft-big-board,2026-10-04T03:06:43+00:00,ScoutingGrade supplemental after MDDB top 100
2027,132,Nick Marsh WR · Indiana,,,nickmarshwrindiana,nickmarshwrindiana,https://scoutinggrade.com/2027-nfl-draft-big-board,2026-10-04T03:06:43+00:00,ScoutingGrade supplemental after MDDB top 100
2027,133,Sammy Brown LB · Clemson,,,sammybrownlbclemson,sammybrownlbclemson,https://scoutinggrade.com/2027-nfl-draft-big-board,2026-10-04T03:06:43+00:00,ScoutingGrade supplemental after MDDB top 100
2027,134,Ryan Coleman-Williams WR · Alabama,,,ryancolemanwilliamswralabama,ryancolemanwilliamswralabama,https://scoutinggrade.com/2027-nfl-draft-big-board,2026-10-04T03:06:43+00:00,ScoutingGrade supplemental after MDDB top 100
2027,135,Carter Smith OT · Indiana,,,cartersmithotindiana,cartersmithotindiana,https://scoutinggrade.com/2027-nfl-draft-big-board,2026-10-04T03:06:43+00:00,ScoutingGrade supplemental after MDDB top 100
2027,136,Matayo Uiagalelei EDGE · Oregon,,,matayouiagaleleiedgeoregon,matayouiagaleleiedgeoregon,https://scoutinggrade.com/2027-nfl-draft-big-board,2026-10-04T03:06:43+00:00,ScoutingGrade supplemental after MDDB top 100
2027,137,Ahmad Hardy RB · Missouri,,,ahmadhardyrbmissouri,ahmadhardyrbmissouri,https://scoutinggrade.com/2027-nfl-draft-big-board,2026-10-04T03:06:43+00:00,ScoutingGrade supplemental after MDDB top 100
2027,138,Ahmad Moten DT · Miami,,,ahmadmotendtmiami,ahmadmotendtmiami,https://scoutinggrade.com/2027-nfl-draft-big-board,2026-10-04T03:06:43+00:00,ScoutingGrade supplemental after MDDB top 100
2027,139,Kyngstonn Viliamu-Asa LB · Notre Dame,,,kyngstonnviliamuasalbnotredame,kyngstonnviliamuasalbnotredame,https://scoutinggrade.com/2027-nfl-draft-big-board,2026-10-04T03:06:43+00:00,ScoutingGrade supplemental after MDDB top 100
2027,140,Julian Sayin QB · Ohio State,,,juliansayinqbohiostate,juliansayinqbohiostate,https://scoutinggrade.com/2027-nfl-draft-big-board,2026-10-04T03:06:43+00:00,ScoutingGrade supplemental after MDDB top 100
2027,141,Cayden Green OT · Missouri,,,caydengreenotmissouri,caydengreenotmissouri,https://scoutinggrade.com/2027-nfl-draft-big-board,2026-10-04T03:06:43+00:00,ScoutingGrade supplemental after MDDB top 100
2027,142,Will Heldt EDGE · Clemson,,,willheldtedgeclemson,willheldtedgeclemson,https://scoutinggrade.com/2027-nfl-draft-big-board,2026-10-04T03:06:43+00:00,ScoutingGrade supplemental after MDDB top 100
2027,143,Chris Cole LB · Georgia,,,chriscolelbgeorgia,chriscolelbgeorgia,https://scoutinggrade.com/2027-nfl-draft-big-board,2026-10-04T03:06:43+00:00,ScoutingGrade supplemental after MDDB top 100
2027,144,KJ Duff WR · Rutgers,,,kjduffwrrutgers,kjduffwrrutgers,https://scoutinggrade.com/2027-nfl-draft-big-board,2026-10-04T03:06:43+00:00,ScoutingGrade supplemental after MDDB top 100
2027,145,LaNorris Sellers QB · South Carolina,,,lanorrissellersqbsouthcarolina,lanorrissellersqbsouthcarolina,https://scoutinggrade.com/2027-nfl-draft-big-board,2026-10-04T03:06:43+00:00,ScoutingGrade supplemental after MDDB top 100
2027,146,Mario Craver WR · Texas A&M,,,mariocraverwrtexasam,mariocraverwrtexasam,https://scoutinggrade.com/2027-nfl-draft-big-board,2026-10-04T03:06:43+00:00,ScoutingGrade supplemental after MDDB top 100
2027,147,Zabien Brown CB · Alabama,,,zabienbrowncbalabama,zabienbrowncbalabama,https://scoutinggrade.com/2027-nfl-draft-big-board,2026-10-04T03:06:43+00:00,ScoutingGrade supplemental after MDDB top 100
2027,148,Devan Thompkins DT · Alabama,,,devanthompkinsdtalabama,devanthompkinsdtalabama,https://scoutinggrade.com/2027-nfl-draft-big-board,2026-10-04T03:06:43+00:00,ScoutingGrade supplemental after MDDB top 100
2027,149,Reed Harris WR · Arizona State,,,reedharriswrarizonastate,reedharriswrarizonastate,https://scoutinggrade.com/2027-nfl-draft-big-board,2026-10-04T03:06:43+00:00,ScoutingGrade supplemental after MDDB top 100
2027,150,Austin Siereveld IOL · Ohio State,,,austinsiereveldiolohiostate,austinsiereveldiolohiostate,https://scoutinggrade.com/2027-nfl-draft-big-board,2026-10-04T03:06:43+00:00,ScoutingGrade supplemental after MDDB top 100
2027,151,Kenyatta Jackson Jr. EDGE · Ohio State,,,kenyattajacksonjredgeohiostate,kenyattajacksonjredgeohiostate,https://scoutinggrade.com/2027-nfl-draft-big-board,2026-10-04T03:06:43+00:00,ScoutingGrade supplemental after MDDB top 100
2027,152,Clev Lubin EDGE · Louisville,,,clevlubinedgelouisville,clevlubinedgelouisville,https://scoutinggrade.com/2027-nfl-draft-big-board,2026-10-04T03:06:43+00:00,ScoutingGrade supplemental after MDDB top 100
2027,153,Jelani McDonald S · Texas,,,jelanimcdonaldstexas,jelanimcdonaldstexas,https://scoutinggrade.com/2027-nfl-draft-big-board,2026-10-04T03:06:43+00:00,ScoutingGrade supplemental after MDDB top 100
2027,154,A.J. Holmes Jr. DT · Texas Tech,,,ajholmesjrdttexastech,ajholmesjrdttexastech,https://scoutinggrade.com/2027-nfl-draft-big-board,2026-10-04T03:06:43+00:00,ScoutingGrade supplemental after MDDB top 100
2027,155,Melvin Siani OT · Texas,,,melvinsianiottexas,melvinsianiottexas,https://scoutinggrade.com/2027-nfl-draft-big-board,2026-10-04T03:06:43+00:00,ScoutingGrade supplemental after MDDB top 100
2027,156,Vicari Swain CB · South Carolina,,,vicariswaincbsouthcarolina,vicariswaincbsouthcarolina,https://scoutinggrade.com/2027-nfl-draft-big-board,2026-10-04T03:06:43+00:00,ScoutingGrade supplemental after MDDB top 100
2027,157,Jide Abasiri DT · USC,,,jideabasiridtusc,jideabasiridtusc,https://scoutinggrade.com/2027-nfl-draft-big-board,2026-10-04T03:06:43+00:00,ScoutingGrade supplemental after MDDB top 100
2027,158,OJ Frederique Jr. CB · Miami,,,ojfrederiquejrcbmiami,ojfrederiquejrcbmiami,https://scoutinggrade.com/2027-nfl-draft-big-board,2026-10-04T03:06:43+00:00,ScoutingGrade supplemental after MDDB top 100
2027,159,Quincy Rhodes Jr. EDGE · Arkansas,,,quincyrhodesjredgearkansas,quincyrhodesjredgearkansas,https://scoutinggrade.com/2027-nfl-draft-big-board,2026-10-04T03:06:43+00:00,ScoutingGrade supplemental after MDDB top 100
2027,160,Omarion Miller WR · Arizona State,,,omarionmillerwrarizonastate,omarionmillerwrarizonastate,https://scoutinggrade.com/2027-nfl-draft-big-board,2026-10-04T03:06:43+00:00,ScoutingGrade supplemental after MDDB top 100
2027,161,Jacarrius Peak OT · South Carolina,,,jacarriuspeakotsouthcarolina,jacarriuspeakotsouthcarolina,https://scoutinggrade.com/2027-nfl-draft-big-board,2026-10-04T03:06:43+00:00,ScoutingGrade supplemental after MDDB top 100
2027,162,Tavion Gadson DT · Kentucky,,,taviongadsondtkentucky,taviongadsondtkentucky,https://scoutinggrade.com/2027-nfl-draft-big-board,2026-10-04T03:06:43+00:00,ScoutingGrade supplemental after MDDB top 100
2027,163,Jaylen McClain S · Ohio State,,,jaylenmcclainsohiostate,jaylenmcclainsohiostate,https://scoutinggrade.com/2027-nfl-draft-big-board,2026-10-04T03:06:43+00:00,ScoutingGrade supplemental after MDDB top 100
2027,164,Zach Lutmer S · Iowa,,,zachlutmersiowa,zachlutmersiowa,https://scoutinggrade.com/2027-nfl-draft-big-board,2026-10-04T03:06:43+00:00,ScoutingGrade supplemental after MDDB top 100
2027,165,Jesse Perry IOL · Tennessee,,,jesseperryioltennessee,jesseperryioltennessee,https://scoutinggrade.com/2027-nfl-draft-big-board,2026-10-04T03:06:43+00:00,ScoutingGrade supplemental after MDDB top 100
2027,166,Damon Wilson II EDGE · Miami,,,damonwilsoniiedgemiami,damonwilsoniiedgemiami,https://scoutinggrade.com/2027-nfl-draft-big-board,2026-10-04T03:06:43+00:00,ScoutingGrade supplemental after MDDB top 100
2027,167,Amare Thomas WR · Houston,,,amarethomaswrhouston,amarethomaswrhouston,https://scoutinggrade.com/2027-nfl-draft-big-board,2026-10-04T03:06:43+00:00,ScoutingGrade supplemental after MDDB top 100
2027,168,John Henry Daley EDGE · Michigan,,,johnhenrydaleyedgemichigan,johnhenrydaleyedgemichigan,https://scoutinggrade.com/2027-nfl-draft-big-board,2026-10-04T03:06:43+00:00,ScoutingGrade supplemental after MDDB top 100
2027,169,Jordan Ross EDGE · LSU,,,jordanrossedgelsu,jordanrossedgelsu,https://scoutinggrade.com/2027-nfl-draft-big-board,2026-10-04T03:06:43+00:00,ScoutingGrade supplemental after MDDB top 100
2027,170,Brice Pollock CB · Texas Tech,,,bricepollockcbtexastech,bricepollockcbtexastech,https://scoutinggrade.com/2027-nfl-draft-big-board,2026-10-04T03:06:43+00:00,ScoutingGrade supplemental after MDDB top 100
2027,171,Deuce Alexander WR · Ole Miss,,,deucealexanderwrolemiss,deucealexanderwrolemiss,https://scoutinggrade.com/2027-nfl-draft-big-board,2026-10-04T03:06:43+00:00,ScoutingGrade supplemental after MDDB top 100
2027,172,Jayden Maiava QB · USC,,,jaydenmaiavaqbusc,jaydenmaiavaqbusc,https://scoutinggrade.com/2027-nfl-draft-big-board,2026-10-04T03:06:43+00:00,ScoutingGrade supplemental after MDDB top 100
2027,173,Terrance Carter Jr. TE · Texas Tech,,,terrancecarterjrtetexastech,terrancecarterjrtetexastech,https://scoutinggrade.com/2027-nfl-draft-big-board,2026-10-04T03:06:43+00:00,ScoutingGrade supplemental after MDDB top 100
2027,174,Drake Lindsey QB · Minnesota,,,drakelindseyqbminnesota,drakelindseyqbminnesota,https://scoutinggrade.com/2027-nfl-draft-big-board,2026-10-04T03:06:43+00:00,ScoutingGrade supplemental after MDDB top 100
2027,175,Lance Heard OT · Kentucky,,,lanceheardotkentucky,lanceheardotkentucky,https://scoutinggrade.com/2027-nfl-draft-big-board,2026-10-04T03:06:43+00:00,ScoutingGrade supplemental after MDDB top 100
2027,176,Jamari Sharpe CB · Indiana,,,jamarisharpecbindiana,jamarisharpecbindiana,https://scoutinggrade.com/2027-nfl-draft-big-board,2026-10-04T03:06:43+00:00,ScoutingGrade supplemental after MDDB top 100
2027,177,Princewill Umanmielen EDGE · LSU,,,princewillumanmielenedgelsu,princewillumanmielenedgelsu,https://scoutinggrade.com/2027-nfl-draft-big-board,2026-10-04T03:06:43+00:00,ScoutingGrade supplemental after MDDB top 100
2027,178,Rasheem Biles LB · Texas,,,rasheembileslbtexas,rasheembileslbtexas,https://scoutinggrade.com/2027-nfl-draft-big-board,2026-10-04T03:06:43+00:00,ScoutingGrade supplemental after MDDB top 100
2027,179,Boubacar Traore EDGE · Notre Dame,,,boubacartraoreedgenotredame,boubacartraoreedgenotredame,https://scoutinggrade.com/2027-nfl-draft-big-board,2026-10-04T03:06:43+00:00,ScoutingGrade supplemental after MDDB top 100
2027,180,Ty Benefield S · LSU,,,tybenefieldslsu,tybenefieldslsu,https://scoutinggrade.com/2027-nfl-draft-big-board,2026-10-04T03:06:43+00:00,ScoutingGrade supplemental after MDDB top 100
2027,181,Ryan Wingo WR · Texas,,,ryanwingowrtexas,ryanwingowrtexas,https://scoutinggrade.com/2027-nfl-draft-big-board,2026-10-04T03:06:43+00:00,ScoutingGrade supplemental after MDDB top 100
2027,182,Bear Alexander DT · Oregon,,,bearalexanderdtoregon,bearalexanderdtoregon,https://scoutinggrade.com/2027-nfl-draft-big-board,2026-10-04T03:06:43+00:00,ScoutingGrade supplemental after MDDB top 100
2027,183,Jackson Bennee S · Utah,,,jacksonbenneesutah,jacksonbenneesutah,https://scoutinggrade.com/2027-nfl-draft-big-board,2026-10-04T03:06:43+00:00,ScoutingGrade supplemental after MDDB top 100
2027,184,Bray Hubbard S · Alabama,,,brayhubbardsalabama,brayhubbardsalabama,https://scoutinggrade.com/2027-nfl-draft-big-board,2026-10-04T03:06:43+00:00,ScoutingGrade supplemental after MDDB top 100
2027,185,Chris Peal CB · Syracuse,,,chrispealcbsyracuse,chrispealcbsyracuse,https://scoutinggrade.com/2027-nfl-draft-big-board,2026-10-04T03:06:43+00:00,ScoutingGrade supplemental after MDDB top 100
2027,186,Jordan Faison WR · Notre Dame,,,jordanfaisonwrnotredame,jordanfaisonwrnotredame,https://scoutinggrade.com/2027-nfl-draft-big-board,2026-10-04T03:06:43+00:00,ScoutingGrade supplemental after MDDB top 100
2027,187,Anthonie Knapp IOL · Notre Dame,,,anthonieknappiolnotredame,anthonieknappiolnotredame,https://scoutinggrade.com/2027-nfl-draft-big-board,2026-10-04T03:06:43+00:00,ScoutingGrade supplemental after MDDB top 100
2027,188,Koi Perich S · Oregon,,,koiperichsoregon,koiperichsoregon,https://scoutinggrade.com/2027-nfl-draft-big-board,2026-10-04T03:06:43+00:00,ScoutingGrade supplemental after MDDB top 100
2027,189,Nate Frazier RB · Georgia,,,natefrazierrbgeorgia,natefrazierrbgeorgia,https://scoutinggrade.com/2027-nfl-draft-big-board,2026-10-04T03:06:43+00:00,ScoutingGrade supplemental after MDDB top 100
2027,190,Wyatt Young WR · Oklahoma State,,,wyattyoungwroklahomastate,wyattyoungwroklahomastate,https://scoutinggrade.com/2027-nfl-draft-big-board,2026-10-04T03:06:43+00:00,ScoutingGrade supplemental after MDDB top 100
2027,191,Mark Fletcher Jr. RB · Miami,,,markfletcherjrrbmiami,markfletcherjrrbmiami,https://scoutinggrade.com/2027-nfl-draft-big-board,2026-10-04T03:06:43+00:00,ScoutingGrade supplemental after MDDB top 100
2027,192,Isaac Brown RB · Louisville,,,isaacbrownrblouisville,isaacbrownrblouisville,https://scoutinggrade.com/2027-nfl-draft-big-board,2026-10-04T03:06:43+00:00,ScoutingGrade supplemental after MDDB top 100
2027,193,Samson Okunlola OT · Miami,,,samsonokunlolaotmiami,samsonokunlolaotmiami,https://scoutinggrade.com/2027-nfl-draft-big-board,2026-10-04T03:06:43+00:00,ScoutingGrade supplemental after MDDB top 100
2027,194,Iapani Laloulu IOL · Oregon,,,iapanilalouluioloregon,iapanilalouluioloregon,https://scoutinggrade.com/2027-nfl-draft-big-board,2026-10-04T03:06:43+00:00,ScoutingGrade supplemental after MDDB top 100
2027,195,Luke Reynolds TE · Virginia Tech,,,lukereynoldstevirginiatech,lukereynoldstevirginiatech,https://scoutinggrade.com/2027-nfl-draft-big-board,2026-10-04T03:06:43+00:00,ScoutingGrade supplemental after MDDB top 100
2027,196,Bryant Wesco Jr. WR · Clemson,,,bryantwescojrwrclemson,bryantwescojrwrclemson,https://scoutinggrade.com/2027-nfl-draft-big-board,2026-10-04T03:06:43+00:00,ScoutingGrade supplemental after MDDB top 100
2027,197,Anthony Smith EDGE · Minnesota,,,anthonysmithedgeminnesota,anthonysmithedgeminnesota,https://scoutinggrade.com/2027-nfl-draft-big-board,2026-10-04T03:06:43+00:00,ScoutingGrade supplemental after MDDB top 100
2027,198,Duce Robinson WR · Florida State,,,ducerobinsonwrfloridastate,ducerobinsonwrfloridastate,https://scoutinggrade.com/2027-nfl-draft-big-board,2026-10-04T03:06:43+00:00,ScoutingGrade supplemental after MDDB top 100
2027,199,Austin Simmons QB · Missouri,,,austinsimmonsqbmissouri,austinsimmonsqbmissouri,https://scoutinggrade.com/2027-nfl-draft-big-board,2026-10-04T03:06:43+00:00,ScoutingGrade supplemental after MDDB top 100
2027,200,Ben Roberts LB · Texas Tech,,,benrobertslbtexastech,benrobertslbtexastech,https://scoutinggrade.com/2027-nfl-draft-big-board,2026-10-04T03:06:43+00:00,ScoutingGrade supplemental after MDDB top 100
2027,201,Xavier Atkins LB · Auburn,,,xavieratkinslbauburn,xavieratkinslbauburn,https://scoutinggrade.com/2027-nfl-draft-big-board,2026-10-04T03:06:43+00:00,ScoutingGrade supplemental after MDDB top 100
2027,202,Dylan LaBarbera EDGE · Nevada,,,dylanlabarberaedgenevada,dylanlabarberaedgenevada,https://scoutinggrade.com/2027-nfl-draft-big-board,2026-10-04T03:06:43+00:00,ScoutingGrade supplemental after MDDB top 100
2027,203,J'Mond Tapp EDGE · Memphis,,,jmondtappedgememphis,jmondtappedgememphis,https://scoutinggrade.com/2027-nfl-draft-big-board,2026-10-04T03:06:43+00:00,ScoutingGrade supplemental after MDDB top 100
2027,204,Evan Tengesdahl IOL · Cincinnati,,,evantengesdahliolcincinnati,evantengesdahliolcincinnati,https://scoutinggrade.com/2027-nfl-draft-big-board,2026-10-04T03:06:43+00:00,ScoutingGrade supplemental after MDDB top 100
2027,205,Tony Diaz WR · Iowa,,,tonydiazwriowa,tonydiazwriowa,https://scoutinggrade.com/2027-nfl-draft-big-board,2026-10-04T03:06:43+00:00,ScoutingGrade supplemental after MDDB top 100
2027,206,Brendan Sorsby QB · Unaffiliated,,,brendansorsbyqbunaffiliated,brendansorsbyqbunaffiliated,https://scoutinggrade.com/2027-nfl-draft-big-board,2026-10-04T03:06:43+00:00,ScoutingGrade supplemental after MDDB top 100
2027,207,Traevon Mitchell DT · Baylor,,,traevonmitchelldtbaylor,traevonmitchelldtbaylor,https://scoutinggrade.com/2027-nfl-draft-big-board,2026-10-04T03:06:43+00:00,ScoutingGrade supplemental after MDDB top 100
2027,208,Ian Moore OT · Ohio State,,,ianmooreotohiostate,ianmooreotohiostate,https://scoutinggrade.com/2027-nfl-draft-big-board,2026-10-04T03:06:43+00:00,ScoutingGrade supplemental after MDDB top 100
2027,209,Raleek Brown RB · Texas,,,raleekbrownrbtexas,raleekbrownrbtexas,https://scoutinggrade.com/2027-nfl-draft-big-board,2026-10-04T03:06:43+00:00,ScoutingGrade supplemental after MDDB top 100
2027,210,LJ Martin RB · BYU,,,ljmartinrbbyu,ljmartinrbbyu,https://scoutinggrade.com/2027-nfl-draft-big-board,2026-10-04T03:06:43+00:00,ScoutingGrade supplemental after MDDB top 100
2027,211,Fox Crader OT · Oregon,,,foxcraderotoregon,foxcraderotoregon,https://scoutinggrade.com/2027-nfl-draft-big-board,2026-10-04T03:06:43+00:00,ScoutingGrade supplemental after MDDB top 100
2027,212,Luke Montgomery IOL · Ohio State,,,lukemontgomeryiolohiostate,lukemontgomeryiolohiostate,https://scoutinggrade.com/2027-nfl-draft-big-board,2026-10-04T03:06:43+00:00,ScoutingGrade supplemental after MDDB top 100
2027,213,Cody Sigler DT · Auburn,,,codysiglerdtauburn,codysiglerdtauburn,https://scoutinggrade.com/2027-nfl-draft-big-board,2026-10-04T03:06:43+00:00,ScoutingGrade supplemental after MDDB top 100
2027,214,Anthony Boswell IOL · Houston,,,anthonyboswelliolhouston,anthonyboswelliolhouston,https://scoutinggrade.com/2027-nfl-draft-big-board,2026-10-04T03:06:43+00:00,ScoutingGrade supplemental after MDDB top 100
2027,215,Isaac Terrell EDGE · Iowa State,,,isaacterrelledgeiowastate,isaacterrelledgeiowastate,https://scoutinggrade.com/2027-nfl-draft-big-board,2026-10-04T03:06:43+00:00,ScoutingGrade supplemental after MDDB top 100
2027,216,Niki Prongos OT · Stanford,,,nikiprongosotstanford,nikiprongosotstanford,https://scoutinggrade.com/2027-nfl-draft-big-board,2026-10-04T03:06:43+00:00,ScoutingGrade supplemental after MDDB top 100
2027,217,Marques White EDGE · SMU,,,marqueswhiteedgesmu,marqueswhiteedgesmu,https://scoutinggrade.com/2027-nfl-draft-big-board,2026-10-04T03:06:43+00:00,ScoutingGrade supplemental after MDDB top 100
2027,218,Keyjuan Brown RB · Louisville,,,keyjuanbrownrblouisville,keyjuanbrownrblouisville,https://scoutinggrade.com/2027-nfl-draft-big-board,2026-10-04T03:06:43+00:00,ScoutingGrade supplemental after MDDB top 100
2027,219,T.J. Moore WR · Clemson,,,tjmoorewrclemson,tjmoorewrclemson,https://scoutinggrade.com/2027-nfl-draft-big-board,2026-10-04T03:06:43+00:00,ScoutingGrade supplemental after MDDB top 100
2027,220,Horace Lockett DT · UCF,,,horacelockettdtucf,horacelockettdtucf,https://scoutinggrade.com/2027-nfl-draft-big-board,2026-10-04T03:06:43+00:00,ScoutingGrade supplemental after MDDB top 100
2027,221,Zeke Berry CB · Michigan,,,zekeberrycbmichigan,zekeberrycbmichigan,https://scoutinggrade.com/2027-nfl-draft-big-board,2026-10-04T03:06:43+00:00,ScoutingGrade supplemental after MDDB top 100
2027,222,Suntarine Perkins LB · Ole Miss,,,suntarineperkinslbolemiss,suntarineperkinslbolemiss,https://scoutinggrade.com/2027-nfl-draft-big-board,2026-10-04T03:06:43+00:00,ScoutingGrade supplemental after MDDB top 100
2027,223,Justice Haynes RB · Georgia Tech,,,justicehaynesrbgeorgiatech,justicehaynesrbgeorgiatech,https://scoutinggrade.com/2027-nfl-draft-big-board,2026-10-04T03:06:43+00:00,ScoutingGrade supplemental after MDDB top 100
2027,224,Santana Hopper DT · Colorado,,,santanahopperdtcolorado,santanahopperdtcolorado,https://scoutinggrade.com/2027-nfl-draft-big-board,2026-10-04T03:06:43+00:00,ScoutingGrade supplemental after MDDB top 100
2027,225,Whit Weeks LB · LSU,,,whitweekslblsu,whitweekslblsu,https://scoutinggrade.com/2027-nfl-draft-big-board,2026-10-04T03:06:43+00:00,ScoutingGrade supplemental after MDDB top 100
2027,226,Sahir West EDGE · UCLA,,,sahirwestedgeucla,sahirwestedgeucla,https://scoutinggrade.com/2027-nfl-draft-big-board,2026-10-04T03:06:43+00:00,ScoutingGrade supplemental after MDDB top 100
2027,227,Beau Sparks WR · Texas State,,,beausparkswrtexasstate,beausparkswrtexasstate,https://scoutinggrade.com/2027-nfl-draft-big-board,2026-10-04T03:06:43+00:00,ScoutingGrade supplemental after MDDB top 100
2027,228,Christian Alliegro LB · Ohio State,,,christianalliegrolbohiostate,christianalliegrolbohiostate,https://scoutinggrade.com/2027-nfl-draft-big-board,2026-10-04T03:06:43+00:00,ScoutingGrade supplemental after MDDB top 100
2027,229,Kayin Lee CB · Tennessee,,,kayinleecbtennessee,kayinleecbtennessee,https://scoutinggrade.com/2027-nfl-draft-big-board,2026-10-04T03:06:43+00:00,ScoutingGrade supplemental after MDDB top 100
2027,230,Jai'Den Thomas RB · UNLV,,,jaidenthomasrbunlv,jaidenthomasrbunlv,https://scoutinggrade.com/2027-nfl-draft-big-board,2026-10-04T03:06:43+00:00,ScoutingGrade supplemental after MDDB top 100
2027,231,Teitum Tuioti EDGE · Oregon,,,teitumtuiotiedgeoregon,teitumtuiotiedgeoregon,https://scoutinggrade.com/2027-nfl-draft-big-board,2026-10-04T03:06:43+00:00,ScoutingGrade supplemental after MDDB top 100
2027,232,Tyler Thompson EDGE · Louisville,,,tylerthompsonedgelouisville,tylerthompsonedgelouisville,https://scoutinggrade.com/2027-nfl-draft-big-board,2026-10-04T03:06:43+00:00,ScoutingGrade supplemental after MDDB top 100
2027,233,Elijah Paige OT · USC,,,elijahpaigeotusc,elijahpaigeotusc,https://scoutinggrade.com/2027-nfl-draft-big-board,2026-10-04T03:06:43+00:00,ScoutingGrade supplemental after MDDB top 100
2027,234,Jackson Harris WR · LSU,,,jacksonharriswrlsu,jacksonharriswrlsu,https://scoutinggrade.com/2027-nfl-draft-big-board,2026-10-04T03:06:43+00:00,ScoutingGrade supplemental after MDDB top 100
2027,235,Quintavius Johnson EDGE · Georgia,,,quintaviusjohnsonedgegeorgia,quintaviusjohnsonedgegeorgia,https://scoutinggrade.com/2027-nfl-draft-big-board,2026-10-04T03:06:43+00:00,ScoutingGrade supplemental after MDDB top 100
2027,236,Bruno Dall EDGE · UCF,,,brunodalledgeucf,brunodalledgeucf,https://scoutinggrade.com/2027-nfl-draft-big-board,2026-10-04T03:06:43+00:00,ScoutingGrade supplemental after MDDB top 100
2027,237,Taylor Wein EDGE · Oklahoma,,,taylorweinedgeoklahoma,taylorweinedgeoklahoma,https://scoutinggrade.com/2027-nfl-draft-big-board,2026-10-04T03:06:43+00:00,ScoutingGrade supplemental after MDDB top 100
2027,238,Jason Onye DT · Notre Dame,,,jasononyedtnotredame,jasononyedtnotredame,https://scoutinggrade.com/2027-nfl-draft-big-board,2026-10-04T03:06:43+00:00,ScoutingGrade supplemental after MDDB top 100
2027,239,Waymond Jordan RB · USC,,,waymondjordanrbusc,waymondjordanrbusc,https://scoutinggrade.com/2027-nfl-draft-big-board,2026-10-04T03:06:43+00:00,ScoutingGrade supplemental after MDDB top 100
2027,240,Chris Dawn Jr. WR · Texas State,,,chrisdawnjrwrtexasstate,chrisdawnjrwrtexasstate,https://scoutinggrade.com/2027-nfl-draft-big-board,2026-10-04T03:06:43+00:00,ScoutingGrade supplemental after MDDB top 100
2027,241,Michael Kilbane EDGE · Northwestern,,,michaelkilbaneedgenorthwestern,michaelkilbaneedgenorthwestern,https://scoutinggrade.com/2027-nfl-draft-big-board,2026-10-04T03:06:43+00:00,ScoutingGrade supplemental after MDDB top 100
2027,242,Drayk Bowen LB · Notre Dame,,,draykbowenlbnotredame,draykbowenlbnotredame,https://scoutinggrade.com/2027-nfl-draft-big-board,2026-10-04T03:06:43+00:00,ScoutingGrade supplemental after MDDB top 100
2027,243,Tony Rojas LB · Penn State,,,tonyrojaslbpennstate,tonyrojaslbpennstate,https://scoutinggrade.com/2027-nfl-draft-big-board,2026-10-04T03:06:43+00:00,ScoutingGrade supplemental after MDDB top 100
2027,244,Ezra Christensen DT · Colorado,,,ezrachristensendtcolorado,ezrachristensendtcolorado,https://scoutinggrade.com/2027-nfl-draft-big-board,2026-10-04T03:06:43+00:00,ScoutingGrade supplemental after MDDB top 100
2027,245,Jordan Napier WR · San Diego State,,,jordannapierwrsandiegostate,jordannapierwrsandiegostate,https://scoutinggrade.com/2027-nfl-draft-big-board,2026-10-04T03:06:43+00:00,ScoutingGrade supplemental after MDDB top 100
2027,246,PJ Williams OT · SMU,,,pjwilliamsotsmu,pjwilliamsotsmu,https://scoutinggrade.com/2027-nfl-draft-big-board,2026-10-04T03:06:43+00:00,ScoutingGrade supplemental after MDDB top 100
2027,247,Mateen Ibirogba DT · Texas Tech,,,mateenibirogbadttexastech,mateenibirogbadttexastech,https://scoutinggrade.com/2027-nfl-draft-big-board,2026-10-04T03:06:43+00:00,ScoutingGrade supplemental after MDDB top 100
2027,248,Amari McNeill DT · Colorado,,,amarimcneilldtcolorado,amarimcneilldtcolorado,https://scoutinggrade.com/2027-nfl-draft-big-board,2026-10-04T03:06:43+00:00,ScoutingGrade supplemental after MDDB top 100
2027,249,Chas Nimrod WR · Auburn,,,chasnimrodwrauburn,chasnimrodwrauburn,https://scoutinggrade.com/2027-nfl-draft-big-board,2026-10-04T03:06:43+00:00,ScoutingGrade supplemental after MDDB top 100
2027,250,DJ Vonnahme TE · Iowa,,,djvonnahmeteiowa,djvonnahmeteiowa,https://scoutinggrade.com/2027-nfl-draft-big-board,2026-10-04T03:06:43+00:00,ScoutingGrade supplemental after MDDB top 100
2027,251,Cam Cook RB · West Virginia,,,camcookrbwestvirginia,camcookrbwestvirginia,https://scoutinggrade.com/2027-nfl-draft-big-board,2026-10-04T03:06:43+00:00,ScoutingGrade supplemental after MDDB top 100
2027,252,Antwan Raymond RB · Rutgers,,,antwanraymondrbrutgers,antwanraymondrbrutgers,https://scoutinggrade.com/2027-nfl-draft-big-board,2026-10-04T03:06:43+00:00,ScoutingGrade supplemental after MDDB top 100
2027,253,Keshaun Singleton WR · Auburn,,,keshaunsingletonwrauburn,keshaunsingletonwrauburn,https://scoutinggrade.com/2027-nfl-draft-big-board,2026-10-04T03:06:43+00:00,ScoutingGrade supplemental after MDDB top 100
2027,254,Anto Saka EDGE · Texas A&M,,,antosakaedgetexasam,antosakaedgetexasam,https://scoutinggrade.com/2027-nfl-draft-big-board,2026-10-04T03:06:43+00:00,ScoutingGrade supplemental after MDDB top 100
2027,255,Tyrique Tucker DT · Indiana,,,tyriquetuckerdtindiana,tyriquetuckerdtindiana,https://scoutinggrade.com/2027-nfl-draft-big-board,2026-10-04T03:06:43+00:00,ScoutingGrade supplemental after MDDB top 100
2027,256,Yannick Smith WR · SMU,,,yannicksmithwrsmu,yannicksmithwrsmu,https://scoutinggrade.com/2027-nfl-draft-big-board,2026-10-04T03:06:43+00:00,ScoutingGrade supplemental after MDDB top 100
