Position,Expected_PPG,Floor92_Raw,Median_Points,Mean_Points,N_Weeks,N_Player_Seasons,PPG_Window,Floor92,Coverage_Target,Training_Seasons,Scoring,Notes
QB,0.0,-0.4,1.17,3.8821854304635766,302,39,8.0,-0.4,0.92,2018-2025,Sleeper 1312865151602421760,Active-week empirical q08; rare TD-distance bonuses omitted.
QB,1.0,-0.4,1.17,3.8821854304635766,302,39,7.0,-0.4,0.92,2018-2025,Sleeper 1312865151602421760,Active-week empirical q08; rare TD-distance bonuses omitted.
QB,2.0,-0.4,1.17,3.8821854304635766,302,39,6.0,-0.4,0.92,2018-2025,Sleeper 1312865151602421760,Active-week empirical q08; rare TD-distance bonuses omitted.
QB,3.0,-0.4,1.17,3.8821854304635766,302,39,5.0,-0.4,0.92,2018-2025,Sleeper 1312865151602421760,Active-week empirical q08; rare TD-distance bonuses omitted.
QB,4.0,-0.4,1.17,3.8821854304635766,302,39,4.0,-0.4,0.92,2018-2025,Sleeper 1312865151602421760,Active-week empirical q08; rare TD-distance bonuses omitted.
QB,5.0,-0.3480000000000001,1.3399999999999999,4.893567567567568,370,47,5.0,-0.3480000000000001,0.92,2018-2025,Sleeper 1312865151602421760,Active-week empirical q08; rare TD-distance bonuses omitted.
QB,6.0,-0.23359999999999992,2.06,5.530595611285267,319,39,4.0,-0.23359999999999992,0.92,2018-2025,Sleeper 1312865151602421760,Active-week empirical q08; rare TD-distance bonuses omitted.
QB,7.0,-0.20719999999999986,3.18,6.836747572815534,412,48,5.0,-0.20719999999999986,0.92,2018-2025,Sleeper 1312865151602421760,Active-week empirical q08; rare TD-distance bonuses omitted.
QB,8.0,-0.19679999999999995,5.0,8.309081885856079,403,47,5.0,-0.19679999999999995,0.92,2018-2025,Sleeper 1312865151602421760,Active-week empirical q08; rare TD-distance bonuses omitted.
QB,9.0,-0.1,6.76,9.46801261829653,317,35,4.0,-0.1,0.92,2018-2025,Sleeper 1312865151602421760,Active-week empirical q08; rare TD-distance bonuses omitted.
QB,10.0,-0.01599999999999966,9.280000000000001,11.17522633744856,486,52,5.0,-0.01599999999999966,0.92,2018-2025,Sleeper 1312865151602421760,Active-week empirical q08; rare TD-distance bonuses omitted.
QB,11.0,0.0,10.5,12.196332518337407,409,43,4.0,0.0,0.92,2018-2025,Sleeper 1312865151602421760,Active-week empirical q08; rare TD-distance bonuses omitted.
QB,12.0,0.0,11.059999999999999,12.654076086956524,368,39,3.0,0.0,0.92,2018-2025,Sleeper 1312865151602421760,Active-week empirical q08; rare TD-distance bonuses omitted.
QB,13.0,0.0,12.67,13.738773584905662,424,43,3.0,0.0,0.92,2018-2025,Sleeper 1312865151602421760,Active-week empirical q08; rare TD-distance bonuses omitted.
QB,14.0,0.38000000000000045,13.56,14.419214501510575,331,34,2.0,0.38000000000000045,0.92,2018-2025,Sleeper 1312865151602421760,Active-week empirical q08; rare TD-distance bonuses omitted.
QB,15.0,0.8360000000000002,15.31,15.436743119266055,436,43,2.0,0.8360000000000002,0.92,2018-2025,Sleeper 1312865151602421760,Active-week empirical q08; rare TD-distance bonuses omitted.
QB,16.0,1.168,15.68,16.018314176245212,522,50,2.0,1.168,0.92,2018-2025,Sleeper 1312865151602421760,Active-week empirical q08; rare TD-distance bonuses omitted.
QB,17.0,1.7000000000000002,16.919999999999998,17.2169384359401,601,53,2.0,1.7000000000000002,0.92,2018-2025,Sleeper 1312865151602421760,Active-week empirical q08; rare TD-distance bonuses omitted.
QB,18.0,2.3639999999999985,18.53,18.330862068965516,812,69,2.0,2.3639999999999985,0.92,2018-2025,Sleeper 1312865151602421760,Active-week empirical q08; rare TD-distance bonuses omitted.
QB,19.0,4.517600000000001,19.689999999999998,19.383095723014257,982,77,2.0,4.517600000000001,0.92,2018-2025,Sleeper 1312865151602421760,Active-week empirical q08; rare TD-distance bonuses omitted.
QB,20.0,4.928,20.729999999999997,20.267978227060652,1286,95,2.0,4.928,0.92,2018-2025,Sleeper 1312865151602421760,Active-week empirical q08; rare TD-distance bonuses omitted.
QB,21.0,4.6400000000000015,21.44,21.1475050985724,1471,106,2.0,4.928,0.92,2018-2025,Sleeper 1312865151602421760,Active-week empirical q08; rare TD-distance bonuses omitted.
QB,22.0,5.152,22.479999999999997,22.0811328125,1536,105,2.0,5.152,0.92,2018-2025,Sleeper 1312865151602421760,Active-week empirical q08; rare TD-distance bonuses omitted.
QB,23.0,3.7288,23.360000000000003,22.79221987315011,1419,94,2.0,5.152,0.92,2018-2025,Sleeper 1312865151602421760,Active-week empirical q08; rare TD-distance bonuses omitted.
QB,24.0,4.820000000000001,24.65,23.798807631160575,1258,83,2.0,5.152,0.92,2018-2025,Sleeper 1312865151602421760,Active-week empirical q08; rare TD-distance bonuses omitted.
QB,25.0,6.3288,25.6,24.92294268605646,1169,75,2.0,6.3288,0.92,2018-2025,Sleeper 1312865151602421760,Active-week empirical q08; rare TD-distance bonuses omitted.
QB,26.0,7.746400000000001,26.54,26.033326829268294,1025,65,2.0,7.746400000000001,0.92,2018-2025,Sleeper 1312865151602421760,Active-week empirical q08; rare TD-distance bonuses omitted.
QB,27.0,8.740000000000002,27.3,26.68768898488121,926,60,2.0,8.740000000000002,0.92,2018-2025,Sleeper 1312865151602421760,Active-week empirical q08; rare TD-distance bonuses omitted.
QB,28.0,8.2944,28.619999999999997,27.562659974905895,797,52,2.0,8.740000000000002,0.92,2018-2025,Sleeper 1312865151602421760,Active-week empirical q08; rare TD-distance bonuses omitted.
QB,29.0,3.704000000000005,30.32,28.77675675675676,629,40,2.0,8.740000000000002,0.92,2018-2025,Sleeper 1312865151602421760,Active-week empirical q08; rare TD-distance bonuses omitted.
QB,30.0,4.960800000000008,31.529999999999998,29.751037735849057,424,27,2.0,8.740000000000002,0.92,2018-2025,Sleeper 1312865151602421760,Active-week empirical q08; rare TD-distance bonuses omitted.
QB,31.0,9.904000000000007,31.880000000000003,30.579573333333332,375,23,2.0,9.904000000000007,0.92,2018-2025,Sleeper 1312865151602421760,Active-week empirical q08; rare TD-distance bonuses omitted.
QB,32.0,10.839200000000005,31.94,30.863390663390668,407,25,3.0,10.839200000000005,0.92,2018-2025,Sleeper 1312865151602421760,Active-week empirical q08; rare TD-distance bonuses omitted.
QB,33.0,11.130399999999998,32.04,31.072293144208043,423,26,4.0,11.130399999999998,0.92,2018-2025,Sleeper 1312865151602421760,Active-week empirical q08; rare TD-distance bonuses omitted.
QB,34.0,11.130399999999998,32.04,31.072293144208043,423,26,5.0,11.130399999999998,0.92,2018-2025,Sleeper 1312865151602421760,Active-week empirical q08; rare TD-distance bonuses omitted.
QB,35.0,11.130399999999998,32.04,31.072293144208043,423,26,6.0,11.130399999999998,0.92,2018-2025,Sleeper 1312865151602421760,Active-week empirical q08; rare TD-distance bonuses omitted.
QB,36.0,11.130399999999998,32.04,31.072293144208043,423,26,7.0,11.130399999999998,0.92,2018-2025,Sleeper 1312865151602421760,Active-week empirical q08; rare TD-distance bonuses omitted.
QB,37.0,11.130399999999998,32.04,31.072293144208043,423,26,8.0,11.130399999999998,0.92,2018-2025,Sleeper 1312865151602421760,Active-week empirical q08; rare TD-distance bonuses omitted.
QB,38.0,11.130399999999998,32.04,31.072293144208043,423,26,9.0,11.130399999999998,0.92,2018-2025,Sleeper 1312865151602421760,Active-week empirical q08; rare TD-distance bonuses omitted.
QB,39.0,11.130399999999998,32.04,31.072293144208043,423,26,10.0,11.130399999999998,0.92,2018-2025,Sleeper 1312865151602421760,Active-week empirical q08; rare TD-distance bonuses omitted.
QB,40.0,14.617600000000003,31.99,31.783125000000002,288,17,10.0,14.617600000000003,0.92,2018-2025,Sleeper 1312865151602421760,Active-week empirical q08; rare TD-distance bonuses omitted.
RB,0.0,0.0,0.0,1.2070409134157944,1051,81,2.0,0.0,0.92,2018-2025,Sleeper 1312865151602421760,Active-week empirical q08; rare TD-distance bonuses omitted.
RB,1.0,0.0,0.0,1.7199089874857796,1758,137,2.0,0.0,0.92,2018-2025,Sleeper 1312865151602421760,Active-week empirical q08; rare TD-distance bonuses omitted.
RB,2.0,0.0,0.7000000000000001,2.1597612958226766,2346,187,2.0,0.0,0.92,2018-2025,Sleeper 1312865151602421760,Active-week empirical q08; rare TD-distance bonuses omitted.
RB,3.0,0.0,1.9,2.9227359572029044,2617,208,2.0,0.0,0.92,2018-2025,Sleeper 1312865151602421760,Active-week empirical q08; rare TD-distance bonuses omitted.
RB,4.0,0.0,2.5,3.9264670174018614,2471,203,2.0,0.0,0.92,2018-2025,Sleeper 1312865151602421760,Active-week empirical q08; rare TD-distance bonuses omitted.
RB,5.0,0.0,3.5,5.016451478550604,2401,198,2.0,0.0,0.92,2018-2025,Sleeper 1312865151602421760,Active-week empirical q08; rare TD-distance bonuses omitted.
RB,6.0,0.0,4.4,6.02281956432388,2433,195,2.0,0.0,0.92,2018-2025,Sleeper 1312865151602421760,Active-week empirical q08; rare TD-distance bonuses omitted.
RB,7.0,0.0,5.300000000000001,6.978063683304647,2324,188,2.0,0.0,0.92,2018-2025,Sleeper 1312865151602421760,Active-week empirical q08; rare TD-distance bonuses omitted.
RB,8.0,0.0,6.199999999999999,7.99072864321608,2388,189,2.0,0.0,0.92,2018-2025,Sleeper 1312865151602421760,Active-week empirical q08; rare TD-distance bonuses omitted.
RB,9.0,0.0,6.9,8.932182971014493,2208,175,2.0,0.0,0.92,2018-2025,Sleeper 1312865151602421760,Active-week empirical q08; rare TD-distance bonuses omitted.
RB,10.0,0.1,8.1,9.94042850024913,2007,157,2.0,0.1,0.92,2018-2025,Sleeper 1312865151602421760,Active-week empirical q08; rare TD-distance bonuses omitted.
RB,11.0,0.30000000000000004,9.2,11.08599908966773,2197,167,2.0,0.30000000000000004,0.92,2018-2025,Sleeper 1312865151602421760,Active-week empirical q08; rare TD-distance bonuses omitted.
RB,12.0,0.5,10.0,12.078014184397164,1974,144,2.0,0.5,0.92,2018-2025,Sleeper 1312865151602421760,Active-week empirical q08; rare TD-distance bonuses omitted.
RB,13.0,0.6000000000000001,11.200000000000001,12.919000504795557,1981,141,2.0,0.6000000000000001,0.92,2018-2025,Sleeper 1312865151602421760,Active-week empirical q08; rare TD-distance bonuses omitted.
RB,14.0,0.8,12.0,13.70508881922675,1914,136,2.0,0.8,0.92,2018-2025,Sleeper 1312865151602421760,Active-week empirical q08; rare TD-distance bonuses omitted.
RB,15.0,0.9,13.4,14.967048082775412,1643,114,2.0,0.9,0.92,2018-2025,Sleeper 1312865151602421760,Active-week empirical q08; rare TD-distance bonuses omitted.
RB,16.0,1.0,14.5,15.972273291925466,1610,111,2.0,1.0,0.92,2018-2025,Sleeper 1312865151602421760,Active-week empirical q08; rare TD-distance bonuses omitted.
RB,17.0,1.5,15.600000000000001,16.94985074626866,1541,106,2.0,1.5,0.92,2018-2025,Sleeper 1312865151602421760,Active-week empirical q08; rare TD-distance bonuses omitted.
RB,18.0,1.8,16.5,17.810186851211075,1445,100,2.0,1.8,0.92,2018-2025,Sleeper 1312865151602421760,Active-week empirical q08; rare TD-distance bonuses omitted.
RB,19.0,2.38,17.5,18.84257818459192,1311,89,2.0,2.38,0.92,2018-2025,Sleeper 1312865151602421760,Active-week empirical q08; rare TD-distance bonuses omitted.
RB,20.0,3.6040000000000005,18.6,20.137595392368613,1389,94,2.0,3.6040000000000005,0.92,2018-2025,Sleeper 1312865151602421760,Active-week empirical q08; rare TD-distance bonuses omitted.
RB,21.0,3.972,19.9,21.086676470588237,1360,89,2.0,3.972,0.92,2018-2025,Sleeper 1312865151602421760,Active-week empirical q08; rare TD-distance bonuses omitted.
RB,22.0,4.648000000000001,20.900000000000002,21.866228003060442,1307,86,2.0,4.648000000000001,0.92,2018-2025,Sleeper 1312865151602421760,Active-week empirical q08; rare TD-distance bonuses omitted.
RB,23.0,5.304000000000001,21.75,22.622767710049423,1214,81,2.0,5.304000000000001,0.92,2018-2025,Sleeper 1312865151602421760,Active-week empirical q08; rare TD-distance bonuses omitted.
RB,24.0,6.4,22.9,23.79337513061651,957,66,2.0,6.4,0.92,2018-2025,Sleeper 1312865151602421760,Active-week empirical q08; rare TD-distance bonuses omitted.
RB,25.0,6.980000000000001,24.25,25.005408388520973,906,63,2.0,6.980000000000001,0.92,2018-2025,Sleeper 1312865151602421760,Active-week empirical q08; rare TD-distance bonuses omitted.
RB,26.0,7.8,25.0,25.899130434782606,782,53,2.0,7.8,0.92,2018-2025,Sleeper 1312865151602421760,Active-week empirical q08; rare TD-distance bonuses omitted.
RB,27.0,7.800000000000001,25.6,26.650043165467626,695,47,2.0,7.800000000000001,0.92,2018-2025,Sleeper 1312865151602421760,Active-week empirical q08; rare TD-distance bonuses omitted.
RB,28.0,7.856000000000001,26.6,27.448136200716846,558,36,2.0,7.856000000000001,0.92,2018-2025,Sleeper 1312865151602421760,Active-week empirical q08; rare TD-distance bonuses omitted.
RB,29.0,10.2,27.700000000000003,28.669679012345682,405,26,2.0,10.2,0.92,2018-2025,Sleeper 1312865151602421760,Active-week empirical q08; rare TD-distance bonuses omitted.
RB,30.0,10.048,28.4,29.59666666666667,354,23,2.0,10.2,0.92,2018-2025,Sleeper 1312865151602421760,Active-week empirical q08; rare TD-distance bonuses omitted.
RB,31.0,10.288,29.450000000000003,30.679531250000004,512,33,3.0,10.288,0.92,2018-2025,Sleeper 1312865151602421760,Active-week empirical q08; rare TD-distance bonuses omitted.
RB,32.0,10.472,30.700000000000003,31.969870967741937,310,20,2.0,10.472,0.92,2018-2025,Sleeper 1312865151602421760,Active-week empirical q08; rare TD-distance bonuses omitted.
RB,33.0,11.328000000000001,31.300000000000004,33.28485804416404,317,20,2.0,11.328000000000001,0.92,2018-2025,Sleeper 1312865151602421760,Active-week empirical q08; rare TD-distance bonuses omitted.
RB,34.0,11.38,31.900000000000002,33.609418282548475,361,23,3.0,11.38,0.92,2018-2025,Sleeper 1312865151602421760,Active-week empirical q08; rare TD-distance bonuses omitted.
RB,35.0,11.400000000000002,33.4,34.37671641791045,335,21,3.0,11.400000000000002,0.92,2018-2025,Sleeper 1312865151602421760,Active-week empirical q08; rare TD-distance bonuses omitted.
RB,36.0,11.400000000000002,33.4,34.37671641791045,335,21,4.0,11.400000000000002,0.92,2018-2025,Sleeper 1312865151602421760,Active-week empirical q08; rare TD-distance bonuses omitted.
RB,37.0,11.652000000000001,33.5,34.656160458452725,349,22,5.0,11.652000000000001,0.92,2018-2025,Sleeper 1312865151602421760,Active-week empirical q08; rare TD-distance bonuses omitted.
RB,38.0,11.652000000000001,33.5,34.656160458452725,349,22,6.0,11.652000000000001,0.92,2018-2025,Sleeper 1312865151602421760,Active-week empirical q08; rare TD-distance bonuses omitted.
RB,39.0,11.812000000000001,33.8,35.145753424657535,365,23,7.0,11.812000000000001,0.92,2018-2025,Sleeper 1312865151602421760,Active-week empirical q08; rare TD-distance bonuses omitted.
RB,40.0,12.808000000000002,35.0,35.68046357615894,302,19,7.0,12.808000000000002,0.92,2018-2025,Sleeper 1312865151602421760,Active-week empirical q08; rare TD-distance bonuses omitted.
WR,0.0,0.0,0.0,1.3194331983805667,1235,126,2.0,0.0,0.92,2018-2025,Sleeper 1312865151602421760,Active-week empirical q08; rare TD-distance bonuses omitted.
WR,1.0,0.0,0.0,1.90626012793177,2345,219,2.0,0.0,0.92,2018-2025,Sleeper 1312865151602421760,Active-week empirical q08; rare TD-distance bonuses omitted.
WR,2.0,0.0,0.4,2.454376049244544,3574,325,2.0,0.0,0.92,2018-2025,Sleeper 1312865151602421760,Active-week empirical q08; rare TD-distance bonuses omitted.
WR,3.0,0.0,1.6,3.1948006785411365,4716,399,2.0,0.0,0.92,2018-2025,Sleeper 1312865151602421760,Active-week empirical q08; rare TD-distance bonuses omitted.
WR,4.0,0.0,2.3,4.0516147540983605,4880,391,2.0,0.0,0.92,2018-2025,Sleeper 1312865151602421760,Active-week empirical q08; rare TD-distance bonuses omitted.
WR,5.0,0.0,3.3,4.974975825946817,4964,385,2.0,0.0,0.92,2018-2025,Sleeper 1312865151602421760,Active-week empirical q08; rare TD-distance bonuses omitted.
WR,6.0,0.0,4.3,5.904539242079105,4829,360,2.0,0.0,0.92,2018-2025,Sleeper 1312865151602421760,Active-week empirical q08; rare TD-distance bonuses omitted.
WR,7.0,0.0,5.2,6.914673713235295,4352,323,2.0,0.0,0.92,2018-2025,Sleeper 1312865151602421760,Active-week empirical q08; rare TD-distance bonuses omitted.
WR,8.0,0.0,6.0,7.86784143098864,4137,300,2.0,0.0,0.92,2018-2025,Sleeper 1312865151602421760,Active-week empirical q08; rare TD-distance bonuses omitted.
WR,9.0,0.0,7.4,8.948873060290003,3931,282,2.0,0.0,0.92,2018-2025,Sleeper 1312865151602421760,Active-week empirical q08; rare TD-distance bonuses omitted.
WR,10.0,0.0,8.700000000000001,9.92987878787879,3630,257,2.0,0.0,0.92,2018-2025,Sleeper 1312865151602421760,Active-week empirical q08; rare TD-distance bonuses omitted.
WR,11.0,0.0,9.7,10.937149359886202,3515,247,2.0,0.0,0.92,2018-2025,Sleeper 1312865151602421760,Active-week empirical q08; rare TD-distance bonuses omitted.
WR,12.0,0.0,10.600000000000001,11.961697734442215,3487,244,2.0,0.0,0.92,2018-2025,Sleeper 1312865151602421760,Active-week empirical q08; rare TD-distance bonuses omitted.
WR,13.0,0.0,11.7,12.935153238546604,3165,220,2.0,0.0,0.92,2018-2025,Sleeper 1312865151602421760,Active-week empirical q08; rare TD-distance bonuses omitted.
WR,14.0,0.0,12.55,13.854051896207585,3006,205,2.0,0.0,0.92,2018-2025,Sleeper 1312865151602421760,Active-week empirical q08; rare TD-distance bonuses omitted.
WR,15.0,0.5,13.7,14.862964754664823,2894,195,2.0,0.5,0.92,2018-2025,Sleeper 1312865151602421760,Active-week empirical q08; rare TD-distance bonuses omitted.
WR,16.0,1.4,14.9,15.917626160678243,2477,167,2.0,1.4,0.92,2018-2025,Sleeper 1312865151602421760,Active-week empirical q08; rare TD-distance bonuses omitted.
WR,17.0,1.6,15.7,16.82136120996441,2248,152,2.0,1.6,0.92,2018-2025,Sleeper 1312865151602421760,Active-week empirical q08; rare TD-distance bonuses omitted.
WR,18.0,2.1,16.7,17.93828970331588,2292,157,2.0,2.1,0.92,2018-2025,Sleeper 1312865151602421760,Active-week empirical q08; rare TD-distance bonuses omitted.
WR,19.0,2.6,17.9,19.033738404452688,2156,146,2.0,2.6,0.92,2018-2025,Sleeper 1312865151602421760,Active-week empirical q08; rare TD-distance bonuses omitted.
WR,20.0,3.7840000000000003,18.7,19.977422056770592,2149,142,2.0,3.7840000000000003,0.92,2018-2025,Sleeper 1312865151602421760,Active-week empirical q08; rare TD-distance bonuses omitted.
WR,21.0,3.972,19.6,20.776284360189578,2110,136,2.0,3.972,0.92,2018-2025,Sleeper 1312865151602421760,Active-week empirical q08; rare TD-distance bonuses omitted.
WR,22.0,4.252000000000001,20.549999999999997,21.710116279069766,1720,110,2.0,4.252000000000001,0.92,2018-2025,Sleeper 1312865151602421760,Active-week empirical q08; rare TD-distance bonuses omitted.
WR,23.0,5.2,21.6,22.677784011220197,1426,92,2.0,5.2,0.92,2018-2025,Sleeper 1312865151602421760,Active-week empirical q08; rare TD-distance bonuses omitted.
WR,24.0,5.764,22.7,23.77832614322692,1159,77,2.0,5.764,0.92,2018-2025,Sleeper 1312865151602421760,Active-week empirical q08; rare TD-distance bonuses omitted.
WR,25.0,6.736,23.5,24.86634441087613,993,68,2.0,6.736,0.92,2018-2025,Sleeper 1312865151602421760,Active-week empirical q08; rare TD-distance bonuses omitted.
WR,26.0,6.764,24.85,25.640143884892087,834,56,2.0,6.764,0.92,2018-2025,Sleeper 1312865151602421760,Active-week empirical q08; rare TD-distance bonuses omitted.
WR,27.0,6.616,25.4,26.46710191082803,628,42,2.0,6.764,0.92,2018-2025,Sleeper 1312865151602421760,Active-week empirical q08; rare TD-distance bonuses omitted.
WR,28.0,5.9,26.4,27.675931558935364,526,33,2.0,6.764,0.92,2018-2025,Sleeper 1312865151602421760,Active-week empirical q08; rare TD-distance bonuses omitted.
WR,29.0,7.300000000000001,27.65,28.90216666666667,360,22,2.0,7.300000000000001,0.92,2018-2025,Sleeper 1312865151602421760,Active-week empirical q08; rare TD-distance bonuses omitted.
WR,30.0,10.0,28.35,30.111005291005295,378,24,2.0,10.0,0.92,2018-2025,Sleeper 1312865151602421760,Active-week empirical q08; rare TD-distance bonuses omitted.
WR,31.0,9.952,29.2,30.60739946380697,373,24,2.0,10.0,0.92,2018-2025,Sleeper 1312865151602421760,Active-week empirical q08; rare TD-distance bonuses omitted.
WR,32.0,10.3,29.6,31.2520177383592,451,29,3.0,10.3,0.92,2018-2025,Sleeper 1312865151602421760,Active-week empirical q08; rare TD-distance bonuses omitted.
WR,33.0,11.176,31.35,32.184866666666665,300,20,3.0,11.176,0.92,2018-2025,Sleeper 1312865151602421760,Active-week empirical q08; rare TD-distance bonuses omitted.
WR,34.0,11.176,31.35,32.184866666666665,300,20,4.0,11.176,0.92,2018-2025,Sleeper 1312865151602421760,Active-week empirical q08; rare TD-distance bonuses omitted.
WR,35.0,11.176,31.35,32.184866666666665,300,20,5.0,11.176,0.92,2018-2025,Sleeper 1312865151602421760,Active-week empirical q08; rare TD-distance bonuses omitted.
WR,36.0,11.176,31.35,32.184866666666665,300,20,6.0,11.176,0.92,2018-2025,Sleeper 1312865151602421760,Active-week empirical q08; rare TD-distance bonuses omitted.
WR,37.0,11.176,31.35,32.184866666666665,300,20,7.0,11.176,0.92,2018-2025,Sleeper 1312865151602421760,Active-week empirical q08; rare TD-distance bonuses omitted.
WR,38.0,11.176,31.35,32.184866666666665,300,20,8.0,11.176,0.92,2018-2025,Sleeper 1312865151602421760,Active-week empirical q08; rare TD-distance bonuses omitted.
WR,39.0,11.176,31.35,32.184866666666665,300,20,9.0,11.176,0.92,2018-2025,Sleeper 1312865151602421760,Active-week empirical q08; rare TD-distance bonuses omitted.
WR,40.0,11.176,31.35,32.184866666666665,300,20,10.0,11.176,0.92,2018-2025,Sleeper 1312865151602421760,Active-week empirical q08; rare TD-distance bonuses omitted.
TE,0.0,0.0,0.0,1.1105161787365176,2596,211,2.0,0.0,0.92,2018-2025,Sleeper 1312865151602421760,Active-week empirical q08; rare TD-distance bonuses omitted.
TE,1.0,0.0,0.0,1.5061319463454694,3653,293,2.0,0.0,0.92,2018-2025,Sleeper 1312865151602421760,Active-week empirical q08; rare TD-distance bonuses omitted.
TE,2.0,0.0,0.0,2.017586978636826,4915,380,2.0,0.0,0.92,2018-2025,Sleeper 1312865151602421760,Active-week empirical q08; rare TD-distance bonuses omitted.
TE,3.0,0.0,0.0,2.870627959645872,4857,350,2.0,0.0,0.92,2018-2025,Sleeper 1312865151602421760,Active-week empirical q08; rare TD-distance bonuses omitted.
TE,4.0,0.0,2.3,3.8305301556420233,4112,290,2.0,0.0,0.92,2018-2025,Sleeper 1312865151602421760,Active-week empirical q08; rare TD-distance bonuses omitted.
TE,5.0,0.0,2.7,4.753118105999462,3717,254,2.0,0.0,0.92,2018-2025,Sleeper 1312865151602421760,Active-week empirical q08; rare TD-distance bonuses omitted.
TE,6.0,0.0,4.6,5.715860669597566,2957,204,2.0,0.0,0.92,2018-2025,Sleeper 1312865151602421760,Active-week empirical q08; rare TD-distance bonuses omitted.
TE,7.0,0.0,5.2,6.785808309337721,2431,166,2.0,0.0,0.92,2018-2025,Sleeper 1312865151602421760,Active-week empirical q08; rare TD-distance bonuses omitted.
TE,8.0,0.0,5.7,7.681668331668331,2002,137,2.0,0.0,0.92,2018-2025,Sleeper 1312865151602421760,Active-week empirical q08; rare TD-distance bonuses omitted.
TE,9.0,0.0,7.3,8.903465346534654,1818,123,2.0,0.0,0.92,2018-2025,Sleeper 1312865151602421760,Active-week empirical q08; rare TD-distance bonuses omitted.
TE,10.0,0.0,8.0,9.903136308805792,1658,107,2.0,0.0,0.92,2018-2025,Sleeper 1312865151602421760,Active-week empirical q08; rare TD-distance bonuses omitted.
TE,11.0,0.0,9.850000000000001,10.883357558139535,1376,90,2.0,0.0,0.92,2018-2025,Sleeper 1312865151602421760,Active-week empirical q08; rare TD-distance bonuses omitted.
TE,12.0,0.0,10.6,11.855997258396163,1459,97,2.0,0.0,0.92,2018-2025,Sleeper 1312865151602421760,Active-week empirical q08; rare TD-distance bonuses omitted.
TE,13.0,0.0,11.8,13.075497702909647,1306,88,2.0,0.0,0.92,2018-2025,Sleeper 1312865151602421760,Active-week empirical q08; rare TD-distance bonuses omitted.
TE,14.0,0.0,13.0,14.07011952191235,1255,85,2.0,0.0,0.92,2018-2025,Sleeper 1312865151602421760,Active-week empirical q08; rare TD-distance bonuses omitted.
TE,15.0,0.0,14.0,14.811317829457364,1290,86,2.0,0.0,0.92,2018-2025,Sleeper 1312865151602421760,Active-week empirical q08; rare TD-distance bonuses omitted.
TE,16.0,0.0,15.3,15.802222222222222,1125,74,2.0,0.0,0.92,2018-2025,Sleeper 1312865151602421760,Active-week empirical q08; rare TD-distance bonuses omitted.
TE,17.0,0.0,16.2,16.841699999999996,1000,64,2.0,0.0,0.92,2018-2025,Sleeper 1312865151602421760,Active-week empirical q08; rare TD-distance bonuses omitted.
TE,18.0,0.0,17.12,17.819863169897378,877,56,2.0,0.0,0.92,2018-2025,Sleeper 1312865151602421760,Active-week empirical q08; rare TD-distance bonuses omitted.
TE,19.0,2.4,18.0,18.85484355444305,799,52,2.0,2.4,0.92,2018-2025,Sleeper 1312865151602421760,Active-week empirical q08; rare TD-distance bonuses omitted.
TE,20.0,2.5520000000000005,19.05,19.889116883116884,770,51,2.0,2.5520000000000005,0.92,2018-2025,Sleeper 1312865151602421760,Active-week empirical q08; rare TD-distance bonuses omitted.
TE,21.0,2.4560000000000004,19.6,20.599519725557464,583,39,2.0,2.5520000000000005,0.92,2018-2025,Sleeper 1312865151602421760,Active-week empirical q08; rare TD-distance bonuses omitted.
TE,22.0,2.6560000000000006,20.0,21.386542443064183,483,33,2.0,2.6560000000000006,0.92,2018-2025,Sleeper 1312865151602421760,Active-week empirical q08; rare TD-distance bonuses omitted.
TE,23.0,2.696,20.7,22.35501400560224,357,26,2.0,2.696,0.92,2018-2025,Sleeper 1312865151602421760,Active-week empirical q08; rare TD-distance bonuses omitted.
TE,24.0,2.6,21.55,23.290746887966804,482,34,3.0,2.696,0.92,2018-2025,Sleeper 1312865151602421760,Active-week empirical q08; rare TD-distance bonuses omitted.
TE,25.0,5.0,23.3,24.895928143712574,334,23,3.0,5.0,0.92,2018-2025,Sleeper 1312865151602421760,Active-week empirical q08; rare TD-distance bonuses omitted.
TE,26.0,5.664,24.049999999999997,25.410384615384615,312,22,3.0,5.664,0.92,2018-2025,Sleeper 1312865151602421760,Active-week empirical q08; rare TD-distance bonuses omitted.
TE,27.0,5.884,25.0,26.73774117647059,425,29,4.0,5.884,0.92,2018-2025,Sleeper 1312865151602421760,Active-week empirical q08; rare TD-distance bonuses omitted.
TE,28.0,6.811999999999999,25.7,27.461019830028327,353,24,4.0,6.811999999999999,0.92,2018-2025,Sleeper 1312865151602421760,Active-week empirical q08; rare TD-distance bonuses omitted.
TE,29.0,6.784,27.0,28.291936507936505,315,20,4.0,6.811999999999999,0.92,2018-2025,Sleeper 1312865151602421760,Active-week empirical q08; rare TD-distance bonuses omitted.
TE,30.0,7.5360000000000005,27.8,29.094684931506848,365,23,5.0,7.5360000000000005,0.92,2018-2025,Sleeper 1312865151602421760,Active-week empirical q08; rare TD-distance bonuses omitted.
TE,31.0,8.94,27.9,29.767947882736163,307,19,5.0,8.94,0.92,2018-2025,Sleeper 1312865151602421760,Active-week empirical q08; rare TD-distance bonuses omitted.
TE,32.0,8.94,27.9,29.767947882736163,307,19,6.0,8.94,0.92,2018-2025,Sleeper 1312865151602421760,Active-week empirical q08; rare TD-distance bonuses omitted.
TE,33.0,8.94,27.9,29.767947882736163,307,19,7.0,8.94,0.92,2018-2025,Sleeper 1312865151602421760,Active-week empirical q08; rare TD-distance bonuses omitted.
TE,34.0,8.94,27.9,29.767947882736163,307,19,8.0,8.94,0.92,2018-2025,Sleeper 1312865151602421760,Active-week empirical q08; rare TD-distance bonuses omitted.
TE,35.0,8.94,27.9,29.767947882736163,307,19,9.0,8.94,0.92,2018-2025,Sleeper 1312865151602421760,Active-week empirical q08; rare TD-distance bonuses omitted.
TE,36.0,8.94,27.9,29.767947882736163,307,19,10.0,8.94,0.92,2018-2025,Sleeper 1312865151602421760,Active-week empirical q08; rare TD-distance bonuses omitted.
TE,37.0,10.0,28.25,30.725666666666665,240,15,10.0,10.0,0.92,2018-2025,Sleeper 1312865151602421760,Active-week empirical q08; rare TD-distance bonuses omitted.
TE,38.0,8.379999999999999,30.15,31.46663265306122,196,12,10.0,10.0,0.92,2018-2025,Sleeper 1312865151602421760,Active-week empirical q08; rare TD-distance bonuses omitted.
TE,39.0,8.32,30.0,31.67878453038674,181,11,10.0,10.0,0.92,2018-2025,Sleeper 1312865151602421760,Active-week empirical q08; rare TD-distance bonuses omitted.
TE,40.0,9.996,30.0,31.87460122699386,163,10,10.0,10.0,0.92,2018-2025,Sleeper 1312865151602421760,Active-week empirical q08; rare TD-distance bonuses omitted.
DL,0.0,0.0,0.0,1.4303405572755419,1292,131,2.0,0.0,0.92,2018-2025,Sleeper 1312865151602421760,Active-week empirical q08; rare TD-distance bonuses omitted.
DL,1.0,0.0,2.0,2.140998487140696,3305,296,2.0,0.0,0.92,2018-2025,Sleeper 1312865151602421760,Active-week empirical q08; rare TD-distance bonuses omitted.
DL,2.0,0.0,2.0,2.770746922947226,5931,499,2.0,0.0,0.92,2018-2025,Sleeper 1312865151602421760,Active-week empirical q08; rare TD-distance bonuses omitted.
DL,3.0,0.0,2.0,3.4911311333043855,9212,732,2.0,0.0,0.92,2018-2025,Sleeper 1312865151602421760,Active-week empirical q08; rare TD-distance bonuses omitted.
DL,4.0,0.0,3.0,4.138929666449875,10763,818,2.0,0.0,0.92,2018-2025,Sleeper 1312865151602421760,Active-week empirical q08; rare TD-distance bonuses omitted.
DL,5.0,0.0,4.0,4.999075753649477,11577,847,2.0,0.0,0.92,2018-2025,Sleeper 1312865151602421760,Active-week empirical q08; rare TD-distance bonuses omitted.
DL,6.0,0.0,5.0,5.927907560914343,11943,839,2.0,0.0,0.92,2018-2025,Sleeper 1312865151602421760,Active-week empirical q08; rare TD-distance bonuses omitted.
DL,7.0,0.0,5.0,6.965194197473093,10685,732,2.0,0.0,0.92,2018-2025,Sleeper 1312865151602421760,Active-week empirical q08; rare TD-distance bonuses omitted.
DL,8.0,0.0,6.0,7.822299990278993,10287,686,2.0,0.0,0.92,2018-2025,Sleeper 1312865151602421760,Active-week empirical q08; rare TD-distance bonuses omitted.
DL,9.0,0.0,7.0,8.75821742516969,8987,590,2.0,0.0,0.92,2018-2025,Sleeper 1312865151602421760,Active-week empirical q08; rare TD-distance bonuses omitted.
DL,10.0,0.0,8.0,9.756793080505654,7515,492,2.0,0.0,0.92,2018-2025,Sleeper 1312865151602421760,Active-week empirical q08; rare TD-distance bonuses omitted.
DL,11.0,0.0,9.0,10.637550066755674,5992,389,2.0,0.0,0.92,2018-2025,Sleeper 1312865151602421760,Active-week empirical q08; rare TD-distance bonuses omitted.
DL,12.0,1.0,10.0,11.61415495955726,4698,305,2.0,1.0,0.92,2018-2025,Sleeper 1312865151602421760,Active-week empirical q08; rare TD-distance bonuses omitted.
DL,13.0,1.0,11.0,12.693249176728868,3644,232,2.0,1.0,0.92,2018-2025,Sleeper 1312865151602421760,Active-week empirical q08; rare TD-distance bonuses omitted.
DL,14.0,2.0,12.0,13.720360161705255,2721,174,2.0,2.0,0.92,2018-2025,Sleeper 1312865151602421760,Active-week empirical q08; rare TD-distance bonuses omitted.
DL,15.0,2.0,13.0,14.674498692240629,2294,145,2.0,2.0,0.92,2018-2025,Sleeper 1312865151602421760,Active-week empirical q08; rare TD-distance bonuses omitted.
DL,16.0,2.0,14.0,15.738535031847135,1884,121,2.0,2.0,0.92,2018-2025,Sleeper 1312865151602421760,Active-week empirical q08; rare TD-distance bonuses omitted.
DL,17.0,3.0,16.0,16.79043062200957,1463,96,2.0,3.0,0.92,2018-2025,Sleeper 1312865151602421760,Active-week empirical q08; rare TD-distance bonuses omitted.
DL,18.0,3.0,17.0,17.52581726739313,1193,78,2.0,3.0,0.92,2018-2025,Sleeper 1312865151602421760,Active-week empirical q08; rare TD-distance bonuses omitted.
DL,19.0,4.0,17.0,18.34921171171171,888,59,2.0,4.0,0.92,2018-2025,Sleeper 1312865151602421760,Active-week empirical q08; rare TD-distance bonuses omitted.
DL,20.0,4.0,18.0,19.370944741532977,561,36,2.0,4.0,0.92,2018-2025,Sleeper 1312865151602421760,Active-week empirical q08; rare TD-distance bonuses omitted.
DL,21.0,5.0,18.0,20.247077922077924,308,20,2.0,5.0,0.92,2018-2025,Sleeper 1312865151602421760,Active-week empirical q08; rare TD-distance bonuses omitted.
DL,22.0,5.0,19.0,21.1076726342711,391,25,3.0,5.0,0.92,2018-2025,Sleeper 1312865151602421760,Active-week empirical q08; rare TD-distance bonuses omitted.
DL,23.0,5.0,19.0,21.1076726342711,391,25,4.0,5.0,0.92,2018-2025,Sleeper 1312865151602421760,Active-week empirical q08; rare TD-distance bonuses omitted.
DL,24.0,5.0,19.0,21.1076726342711,391,25,5.0,5.0,0.92,2018-2025,Sleeper 1312865151602421760,Active-week empirical q08; rare TD-distance bonuses omitted.
DL,25.0,5.0,19.0,21.1076726342711,391,25,6.0,5.0,0.92,2018-2025,Sleeper 1312865151602421760,Active-week empirical q08; rare TD-distance bonuses omitted.
DL,26.0,5.0,19.0,21.1076726342711,391,25,7.0,5.0,0.92,2018-2025,Sleeper 1312865151602421760,Active-week empirical q08; rare TD-distance bonuses omitted.
DL,27.0,5.0,19.0,21.1076726342711,391,25,8.0,5.0,0.92,2018-2025,Sleeper 1312865151602421760,Active-week empirical q08; rare TD-distance bonuses omitted.
DL,28.0,5.0,19.0,21.1076726342711,391,25,9.0,5.0,0.92,2018-2025,Sleeper 1312865151602421760,Active-week empirical q08; rare TD-distance bonuses omitted.
DL,29.0,5.0,19.0,21.1076726342711,391,25,10.0,5.0,0.92,2018-2025,Sleeper 1312865151602421760,Active-week empirical q08; rare TD-distance bonuses omitted.
DL,30.0,6.0,20.0,21.996442687747038,253,16,10.0,6.0,0.92,2018-2025,Sleeper 1312865151602421760,Active-week empirical q08; rare TD-distance bonuses omitted.
DL,31.0,6.0,20.0,22.936942675159234,157,10,10.0,6.0,0.92,2018-2025,Sleeper 1312865151602421760,Active-week empirical q08; rare TD-distance bonuses omitted.
DL,32.0,7.12,21.0,24.177777777777777,90,6,10.0,7.12,0.92,2018-2025,Sleeper 1312865151602421760,Active-week empirical q08; rare TD-distance bonuses omitted.
DL,33.0,6.5600000000000005,21.0,24.301204819277107,83,5,10.0,7.12,0.92,2018-2025,Sleeper 1312865151602421760,Active-week empirical q08; rare TD-distance bonuses omitted.
DL,34.0,6.5600000000000005,21.0,24.301204819277107,83,5,10.0,7.12,0.92,2018-2025,Sleeper 1312865151602421760,Active-week empirical q08; rare TD-distance bonuses omitted.
LB,0.0,0.0,0.0,1.4060913705583757,394,46,2.0,0.0,0.92,2018-2025,Sleeper 1312865151602421760,Active-week empirical q08; rare TD-distance bonuses omitted.
LB,1.0,0.0,1.0,2.088675213675214,936,102,2.0,0.0,0.92,2018-2025,Sleeper 1312865151602421760,Active-week empirical q08; rare TD-distance bonuses omitted.
LB,2.0,0.0,2.0,2.7809070548712205,1786,180,2.0,0.0,0.92,2018-2025,Sleeper 1312865151602421760,Active-week empirical q08; rare TD-distance bonuses omitted.
LB,3.0,0.0,2.0,3.478720842738902,2658,252,2.0,0.0,0.92,2018-2025,Sleeper 1312865151602421760,Active-week empirical q08; rare TD-distance bonuses omitted.
LB,4.0,0.0,3.0,4.2489017007783225,3469,308,2.0,0.0,0.92,2018-2025,Sleeper 1312865151602421760,Active-week empirical q08; rare TD-distance bonuses omitted.
LB,5.0,0.0,3.0,5.134886113152094,4083,339,2.0,0.0,0.92,2018-2025,Sleeper 1312865151602421760,Active-week empirical q08; rare TD-distance bonuses omitted.
LB,6.0,0.0,5.0,6.057162099396192,4306,346,2.0,0.0,0.92,2018-2025,Sleeper 1312865151602421760,Active-week empirical q08; rare TD-distance bonuses omitted.
LB,7.0,0.0,5.0,7.015182673375629,4571,349,2.0,0.0,0.92,2018-2025,Sleeper 1312865151602421760,Active-week empirical q08; rare TD-distance bonuses omitted.
LB,8.0,0.0,6.0,7.982471516213847,4564,339,2.0,0.0,0.92,2018-2025,Sleeper 1312865151602421760,Active-week empirical q08; rare TD-distance bonuses omitted.
LB,9.0,0.0,7.0,8.869990480723464,4202,311,2.0,0.0,0.92,2018-2025,Sleeper 1312865151602421760,Active-week empirical q08; rare TD-distance bonuses omitted.
LB,10.0,0.0,8.0,9.960315940641456,4178,302,2.0,0.0,0.92,2018-2025,Sleeper 1312865151602421760,Active-week empirical q08; rare TD-distance bonuses omitted.
LB,11.0,0.0,9.0,11.03983503153809,4122,292,2.0,0.0,0.92,2018-2025,Sleeper 1312865151602421760,Active-week empirical q08; rare TD-distance bonuses omitted.
LB,12.0,0.0,10.0,12.008600469116498,3837,269,2.0,0.0,0.92,2018-2025,Sleeper 1312865151602421760,Active-week empirical q08; rare TD-distance bonuses omitted.
LB,13.0,0.0,11.0,12.891759072580646,3968,275,2.0,0.0,0.92,2018-2025,Sleeper 1312865151602421760,Active-week empirical q08; rare TD-distance bonuses omitted.
LB,14.0,0.0,13.0,13.946454767726161,3681,252,2.0,0.0,0.92,2018-2025,Sleeper 1312865151602421760,Active-week empirical q08; rare TD-distance bonuses omitted.
LB,15.0,1.0,14.0,14.939856373429084,3342,230,2.0,1.0,0.92,2018-2025,Sleeper 1312865151602421760,Active-week empirical q08; rare TD-distance bonuses omitted.
LB,16.0,2.0,15.0,15.893598774885145,3265,221,2.0,2.0,0.92,2018-2025,Sleeper 1312865151602421760,Active-week empirical q08; rare TD-distance bonuses omitted.
LB,17.0,2.0,16.0,16.943074433656957,3090,207,2.0,2.0,0.92,2018-2025,Sleeper 1312865151602421760,Active-week empirical q08; rare TD-distance bonuses omitted.
LB,18.0,3.0,17.0,17.950153741031773,2927,197,2.0,3.0,0.92,2018-2025,Sleeper 1312865151602421760,Active-week empirical q08; rare TD-distance bonuses omitted.
LB,19.0,3.0,18.0,19.029009669889962,2999,197,2.0,3.0,0.92,2018-2025,Sleeper 1312865151602421760,Active-week empirical q08; rare TD-distance bonuses omitted.
LB,20.0,4.240000000000009,19.0,19.961432506887054,2904,190,2.0,4.240000000000009,0.92,2018-2025,Sleeper 1312865151602421760,Active-week empirical q08; rare TD-distance bonuses omitted.
LB,21.0,5.0,20.0,20.828456474030723,2734,177,2.0,5.0,0.92,2018-2025,Sleeper 1312865151602421760,Active-week empirical q08; rare TD-distance bonuses omitted.
LB,22.0,6.0,21.0,21.870943396226416,2650,170,2.0,6.0,0.92,2018-2025,Sleeper 1312865151602421760,Active-week empirical q08; rare TD-distance bonuses omitted.
LB,23.0,8.0,22.0,22.826788830715532,2292,148,2.0,8.0,0.92,2018-2025,Sleeper 1312865151602421760,Active-week empirical q08; rare TD-distance bonuses omitted.
LB,24.0,9.0,23.0,23.839203675344564,1959,128,2.0,9.0,0.92,2018-2025,Sleeper 1312865151602421760,Active-week empirical q08; rare TD-distance bonuses omitted.
LB,25.0,10.0,24.0,24.8184892897407,1774,119,2.0,10.0,0.92,2018-2025,Sleeper 1312865151602421760,Active-week empirical q08; rare TD-distance bonuses omitted.
LB,26.0,11.0,25.0,25.715,1400,93,2.0,11.0,0.92,2018-2025,Sleeper 1312865151602421760,Active-week empirical q08; rare TD-distance bonuses omitted.
LB,27.0,12.0,26.0,26.713801862828113,1181,78,2.0,12.0,0.92,2018-2025,Sleeper 1312865151602421760,Active-week empirical q08; rare TD-distance bonuses omitted.
LB,28.0,13.0,28.0,27.75226586102719,993,65,2.0,13.0,0.92,2018-2025,Sleeper 1312865151602421760,Active-week empirical q08; rare TD-distance bonuses omitted.
LB,29.0,14.0,29.0,28.831724137931033,725,46,2.0,14.0,0.92,2018-2025,Sleeper 1312865151602421760,Active-week empirical q08; rare TD-distance bonuses omitted.
LB,30.0,14.240000000000002,29.5,29.490825688073393,654,42,2.0,14.240000000000002,0.92,2018-2025,Sleeper 1312865151602421760,Active-week empirical q08; rare TD-distance bonuses omitted.
LB,31.0,15.0,30.0,30.48873873873874,444,29,2.0,15.0,0.92,2018-2025,Sleeper 1312865151602421760,Active-week empirical q08; rare TD-distance bonuses omitted.
LB,32.0,15.0,30.0,30.48873873873874,444,29,3.0,15.0,0.92,2018-2025,Sleeper 1312865151602421760,Active-week empirical q08; rare TD-distance bonuses omitted.
LB,33.0,15.0,30.0,30.48873873873874,444,29,4.0,15.0,0.92,2018-2025,Sleeper 1312865151602421760,Active-week empirical q08; rare TD-distance bonuses omitted.
LB,34.0,15.0,30.0,30.48873873873874,444,29,5.0,15.0,0.92,2018-2025,Sleeper 1312865151602421760,Active-week empirical q08; rare TD-distance bonuses omitted.
LB,35.0,15.0,30.0,30.48873873873874,444,29,6.0,15.0,0.92,2018-2025,Sleeper 1312865151602421760,Active-week empirical q08; rare TD-distance bonuses omitted.
LB,36.0,15.0,30.0,30.48873873873874,444,29,7.0,15.0,0.92,2018-2025,Sleeper 1312865151602421760,Active-week empirical q08; rare TD-distance bonuses omitted.
LB,37.0,15.0,30.0,30.48873873873874,444,29,8.0,15.0,0.92,2018-2025,Sleeper 1312865151602421760,Active-week empirical q08; rare TD-distance bonuses omitted.
LB,38.0,15.0,30.0,30.48873873873874,444,29,9.0,15.0,0.92,2018-2025,Sleeper 1312865151602421760,Active-week empirical q08; rare TD-distance bonuses omitted.
LB,39.0,15.0,30.0,30.48873873873874,444,29,10.0,15.0,0.92,2018-2025,Sleeper 1312865151602421760,Active-week empirical q08; rare TD-distance bonuses omitted.
LB,40.0,15.0,31.0,31.1,290,19,10.0,15.0,0.92,2018-2025,Sleeper 1312865151602421760,Active-week empirical q08; rare TD-distance bonuses omitted.
DB,0.0,0.0,0.0,1.543491124260355,338,39,2.0,0.0,0.92,2018-2025,Sleeper 1312865151602421760,Active-week empirical q08; rare TD-distance bonuses omitted.
DB,1.0,0.0,0.0,2.1651753325272067,827,93,2.0,0.0,0.92,2018-2025,Sleeper 1312865151602421760,Active-week empirical q08; rare TD-distance bonuses omitted.
DB,2.0,0.0,2.0,2.834836223506744,1557,168,2.0,0.0,0.92,2018-2025,Sleeper 1312865151602421760,Active-week empirical q08; rare TD-distance bonuses omitted.
DB,3.0,0.0,3.0,3.5330288461538455,2496,256,2.0,0.0,0.92,2018-2025,Sleeper 1312865151602421760,Active-week empirical q08; rare TD-distance bonuses omitted.
DB,4.0,0.0,3.0,4.337230958988591,3243,320,2.0,0.0,0.92,2018-2025,Sleeper 1312865151602421760,Active-week empirical q08; rare TD-distance bonuses omitted.
DB,5.0,0.0,3.0,5.222187020950434,3914,367,2.0,0.0,0.92,2018-2025,Sleeper 1312865151602421760,Active-week empirical q08; rare TD-distance bonuses omitted.
DB,6.0,0.0,5.0,6.130882686634898,4407,399,2.0,0.0,0.92,2018-2025,Sleeper 1312865151602421760,Active-week empirical q08; rare TD-distance bonuses omitted.
DB,7.0,0.0,6.0,7.289967105263159,5472,467,2.0,0.0,0.92,2018-2025,Sleeper 1312865151602421760,Active-week empirical q08; rare TD-distance bonuses omitted.
DB,8.0,0.0,7.0,8.230623306233062,6273,505,2.0,0.0,0.92,2018-2025,Sleeper 1312865151602421760,Active-week empirical q08; rare TD-distance bonuses omitted.
DB,9.0,0.0,8.0,9.183003572410001,7278,566,2.0,0.0,0.92,2018-2025,Sleeper 1312865151602421760,Active-week empirical q08; rare TD-distance bonuses omitted.
DB,10.0,0.0,9.0,10.112562514884496,8398,630,2.0,0.0,0.92,2018-2025,Sleeper 1312865151602421760,Active-week empirical q08; rare TD-distance bonuses omitted.
DB,11.0,0.0,10.0,11.14596203526901,8903,651,2.0,0.0,0.92,2018-2025,Sleeper 1312865151602421760,Active-week empirical q08; rare TD-distance bonuses omitted.
DB,12.0,0.0,11.0,12.013457201159918,9311,674,2.0,0.0,0.92,2018-2025,Sleeper 1312865151602421760,Active-week empirical q08; rare TD-distance bonuses omitted.
DB,13.0,0.0,12.0,12.944471613863492,9406,676,2.0,0.0,0.92,2018-2025,Sleeper 1312865151602421760,Active-week empirical q08; rare TD-distance bonuses omitted.
DB,14.0,2.0,13.0,13.883828494260634,8886,625,2.0,2.0,0.92,2018-2025,Sleeper 1312865151602421760,Active-week empirical q08; rare TD-distance bonuses omitted.
DB,15.0,3.0,14.0,14.901005917159763,8450,587,2.0,3.0,0.92,2018-2025,Sleeper 1312865151602421760,Active-week empirical q08; rare TD-distance bonuses omitted.
DB,16.0,3.0,15.0,15.745490789111907,7274,504,2.0,3.0,0.92,2018-2025,Sleeper 1312865151602421760,Active-week empirical q08; rare TD-distance bonuses omitted.
DB,17.0,5.0,16.0,16.682690169922186,6297,428,2.0,5.0,0.92,2018-2025,Sleeper 1312865151602421760,Active-week empirical q08; rare TD-distance bonuses omitted.
DB,18.0,5.0,17.0,17.60689085545723,5085,347,2.0,5.0,0.92,2018-2025,Sleeper 1312865151602421760,Active-week empirical q08; rare TD-distance bonuses omitted.
DB,19.0,6.0,18.0,18.714063567113215,3807,258,2.0,6.0,0.92,2018-2025,Sleeper 1312865151602421760,Active-week empirical q08; rare TD-distance bonuses omitted.
DB,20.0,7.0,19.0,19.603543385021442,3031,205,2.0,7.0,0.92,2018-2025,Sleeper 1312865151602421760,Active-week empirical q08; rare TD-distance bonuses omitted.
DB,21.0,8.0,20.0,20.430471932439147,2013,137,2.0,8.0,0.92,2018-2025,Sleeper 1312865151602421760,Active-week empirical q08; rare TD-distance bonuses omitted.
DB,22.0,9.0,20.0,21.433426378227495,1433,96,2.0,9.0,0.92,2018-2025,Sleeper 1312865151602421760,Active-week empirical q08; rare TD-distance bonuses omitted.
DB,23.0,10.0,21.0,22.47294797687861,865,59,2.0,10.0,0.92,2018-2025,Sleeper 1312865151602421760,Active-week empirical q08; rare TD-distance bonuses omitted.
DB,24.0,10.0,23.0,23.683489681050656,533,37,2.0,10.0,0.92,2018-2025,Sleeper 1312865151602421760,Active-week empirical q08; rare TD-distance bonuses omitted.
DB,25.0,11.0,24.0,24.510816777041942,453,31,2.0,11.0,0.92,2018-2025,Sleeper 1312865151602421760,Active-week empirical q08; rare TD-distance bonuses omitted.
DB,26.0,11.0,24.0,24.731275720164607,486,33,3.0,11.0,0.92,2018-2025,Sleeper 1312865151602421760,Active-week empirical q08; rare TD-distance bonuses omitted.
DB,27.0,11.0,24.0,24.79391480730223,493,34,4.0,11.0,0.92,2018-2025,Sleeper 1312865151602421760,Active-week empirical q08; rare TD-distance bonuses omitted.
DB,28.0,11.0,24.0,24.79391480730223,493,34,5.0,11.0,0.92,2018-2025,Sleeper 1312865151602421760,Active-week empirical q08; rare TD-distance bonuses omitted.
DB,29.0,11.0,24.0,24.79391480730223,493,34,6.0,11.0,0.92,2018-2025,Sleeper 1312865151602421760,Active-week empirical q08; rare TD-distance bonuses omitted.
DB,30.0,11.0,24.0,24.79391480730223,493,34,7.0,11.0,0.92,2018-2025,Sleeper 1312865151602421760,Active-week empirical q08; rare TD-distance bonuses omitted.
DB,31.0,11.0,24.0,24.79391480730223,493,34,8.0,11.0,0.92,2018-2025,Sleeper 1312865151602421760,Active-week empirical q08; rare TD-distance bonuses omitted.
DB,32.0,11.0,24.0,24.79391480730223,493,34,9.0,11.0,0.92,2018-2025,Sleeper 1312865151602421760,Active-week empirical q08; rare TD-distance bonuses omitted.
DB,33.0,11.0,24.0,24.79391480730223,493,34,10.0,11.0,0.92,2018-2025,Sleeper 1312865151602421760,Active-week empirical q08; rare TD-distance bonuses omitted.
DB,34.0,11.0,25.0,25.69457627118644,295,20,10.0,11.0,0.92,2018-2025,Sleeper 1312865151602421760,Active-week empirical q08; rare TD-distance bonuses omitted.
DB,35.0,11.0,25.0,26.42162162162162,185,13,10.0,11.0,0.92,2018-2025,Sleeper 1312865151602421760,Active-week empirical q08; rare TD-distance bonuses omitted.
DB,36.0,12.0,26.0,26.950413223140497,121,8,10.0,12.0,0.92,2018-2025,Sleeper 1312865151602421760,Active-week empirical q08; rare TD-distance bonuses omitted.
DB,37.0,14.0,26.5,28.0,40,3,10.0,14.0,0.92,2018-2025,Sleeper 1312865151602421760,Active-week empirical q08; rare TD-distance bonuses omitted.
DB,38.0,15.68,27.0,28.5,24,2,10.0,15.68,0.92,2018-2025,Sleeper 1312865151602421760,Active-week empirical q08; rare TD-distance bonuses omitted.
DB,39.0,14.96,26.0,29.142857142857142,7,1,10.0,15.68,0.92,2018-2025,Sleeper 1312865151602421760,Active-week empirical q08; rare TD-distance bonuses omitted.
